age,experience_or_tenure,feature_score_1,feature_score_2,exposure_index,event_count_1,event_count_2,segment,intensity_level,area_type,special_flag,season,yield_value
65,17,31.79,49.31,34.49,4.0,0,B,low,rural,no,autumn,8520.03
44,16,80.06,57.23,62.54,1.0,3,A,medium,urban,no,winter,13124.39
36,10,69.51,67.73,12.23,1.0,2,A,medium,suburban,no,winter,8684.28
47,26,64.94,60.71,,2.0,2,B,medium,urban,no,spring,15772.5
24,12,37.61,44.68,39.61,8.0,2,A,medium,suburban,yes,spring,12614.65
35,23,55.74,41.46,,7.0,2,C,,rural,no,spring,8483.18
51,6,76.03,25.18,12.27,4.0,2,B,low,rural,no,winter,8354.09
56,10,69.82,59.77,20.59,4.0,2,D,medium,suburban,no,spring,10264.86
42,0,54.31,73.26,7.84,3.0,1,A,medium,suburban,no,spring,9070.99
35,18,25.82,86.57,7.2,3.0,1,A,low,urban,no,spring,6415.54
58,0,42.83,32.46,10.99,4.0,0,A,medium,rural,no,summer,8219.24
66,6,56.27,47.91,21.23,2.0,1,D,low,urban,no,summer,9714.97
43,28,73.99,67.86,13.02,3.0,8,D,medium,urban,no,summer,12949.11
66,4,69.01,44.14,14.47,2.0,1,A,medium,urban,no,summer,8623.81
38,12,41.14,61.45,50.36,10.0,2,A,low,urban,yes,summer,11980.77
43,15,40.56,49.65,32.54,1.0,3,A,low,suburban,no,spring,9011.79
19,16,,48.07,44.51,4.0,0,C,medium,suburban,no,winter,10766.96
58,16,47.45,81.16,23.57,4.0,2,A,high,urban,no,autumn,11203.25
24,25,61.15,56.83,31.34,4.0,1,C,high,suburban,yes,autumn,12534.28
25,30,63.07,13.77,11.06,2.0,1,A,low,urban,no,summer,6183.13
57,14,47.59,63.86,,5.0,6,B,low,urban,yes,spring,12342.05
42,30,36.4,58.9,22.64,4.0,6,A,medium,suburban,,spring,12356.06
60,7,41.67,20.55,,6.0,5,A,low,urban,no,winter,8937.76
56,16,68.04,50.03,13.81,3.0,2,B,medium,urban,no,winter,9654.3
29,10,70.0,16.12,11.0,2.0,0,C,medium,urban,yes,spring,7522.01
51,20,36.23,51.86,25.32,2.0,1,B,medium,suburban,,autumn,10065.62
30,25,97.84,70.24,16.74,1.0,1,B,,rural,yes,autumn,12094.62
58,6,,59.92,76.06,1.0,4,B,,urban,no,autumn,14911.39
52,12,30.43,52.58,35.03,3.0,1,,low,suburban,no,winter,7251.09
43,23,,58.13,47.27,1.0,2,C,high,rural,no,summer,12834.84
43,30,75.24,30.81,11.88,2.0,1,B,low,suburban,no,winter,7165.45
35,24,43.47,63.2,26.69,1.0,1,A,low,suburban,no,autumn,9368.08
32,22,39.2,23.45,18.74,3.0,2,C,medium,suburban,no,autumn,8417.26
34,29,71.53,55.67,15.57,5.0,5,A,medium,suburban,no,summer,12437.04
57,15,64.9,32.43,83.69,5.0,1,B,medium,,no,autumn,13262.34
68,4,80.97,61.92,15.79,,1,A,low,urban,no,autumn,10662.53
69,19,66.55,71.55,39.55,,1,A,medium,urban,no,autumn,13306.56
25,13,67.98,59.84,10.59,4.0,2,D,high,suburban,yes,spring,12971.96
39,1,68.61,,32.12,2.0,1,A,low,suburban,no,spring,9007.84
35,19,55.9,78.83,25.63,0.0,3,B,low,suburban,no,winter,10656.85
29,30,88.38,16.43,,2.0,2,B,high,rural,yes,autumn,11851.49
62,16,54.65,52.87,7.2,2.0,3,B,medium,rural,no,autumn,9685.3
66,1,65.85,47.9,,3.0,4,B,high,rural,no,autumn,10709.36
25,3,46.06,32.72,30.02,6.0,2,A,high,urban,no,spring,9519.23
68,6,91.57,9.5,11.58,4.0,3,A,medium,rural,no,spring,9451.96
55,20,75.18,51.17,50.78,3.0,0,A,medium,urban,no,autumn,13396.2
22,11,50.07,54.25,33.76,4.0,1,C,high,urban,no,spring,11243.65
45,23,61.11,86.5,7.72,8.0,3,B,high,urban,no,spring,13615.7
64,23,78.93,34.1,69.65,2.0,0,C,low,suburban,yes,winter,12477.07
28,27,29.5,28.47,42.24,3.0,0,D,low,suburban,no,winter,6463.78
64,9,21.33,68.65,9.31,3.0,2,A,medium,urban,no,autumn,7141.27
48,2,72.83,69.4,40.32,6.0,4,C,high,rural,yes,summer,14962.57
68,25,65.01,82.16,42.7,2.0,3,C,high,rural,no,summer,13023.95
52,8,49.01,34.5,25.58,4.0,1,B,high,suburban,no,summer,8206.8
51,13,71.69,63.06,26.89,3.0,1,D,high,suburban,yes,summer,13747.84
41,27,32.91,78.09,4.38,1.0,3,B,medium,urban,no,spring,9609.09
57,9,61.74,97.28,33.12,3.0,2,B,low,suburban,no,autumn,11940.39
56,21,94.38,26.11,35.58,6.0,2,C,high,urban,yes,winter,15507.93
48,28,67.41,72.22,30.45,4.0,3,C,low,suburban,no,summer,11585.26
33,24,52.4,77.74,13.81,2.0,2,B,medium,suburban,yes,autumn,12264.53
32,10,68.94,,25.79,3.0,0,A,low,suburban,no,spring,7661.7
29,9,79.02,81.26,11.65,7.0,0,C,high,rural,no,autumn,12105.23
60,27,58.03,87.33,9.87,6.0,4,B,low,rural,no,summer,11783.1
42,5,76.7,33.78,14.71,3.0,4,A,low,suburban,no,spring,7297.52
56,3,51.42,52.87,17.18,5.0,2,D,,rural,no,summer,8594.86
64,15,46.85,59.21,,1.0,0,B,low,urban,yes,autumn,10025.07
18,0,50.8,49.48,28.44,2.0,1,A,medium,suburban,yes,autumn,8149.06
58,12,34.55,64.1,20.43,3.0,2,B,medium,urban,no,autumn,8882.99
26,3,87.98,53.37,10.63,4.0,0,D,high,urban,no,autumn,10591.66
64,8,64.33,53.36,30.11,1.0,2,C,low,rural,no,winter,8979.45
57,0,89.92,53.01,26.58,5.0,1,C,low,urban,yes,spring,11082.07
36,15,58.33,100.0,47.26,3.0,1,A,high,urban,yes,summer,16321.13
45,8,71.62,75.1,16.76,3.0,1,C,medium,rural,no,spring,8485.13
57,2,23.37,46.4,,3.0,1,C,low,rural,no,autumn,7597.01
32,27,49.47,61.82,102.57,4.0,3,C,medium,urban,,summer,16981.73
32,29,58.06,,43.35,3.0,0,B,low,suburban,yes,summer,12781.78
37,30,59.35,50.73,41.46,2.0,2,D,low,urban,no,winter,10518.09
20,9,50.4,92.56,19.82,3.0,0,C,high,suburban,no,autumn,10050.55
50,18,25.55,93.24,17.65,3.0,1,A,low,suburban,,winter,7980.38
54,0,76.41,42.76,80.4,1.0,1,A,low,urban,no,spring,12091.86
26,5,62.62,25.26,,2.0,1,D,medium,urban,no,winter,9662.37
56,25,69.74,59.8,22.84,2.0,1,,medium,urban,no,summer,12422.5
28,27,63.42,,7.2,5.0,4,B,low,rural,no,spring,10347.63
27,6,63.15,71.21,,4.0,2,C,low,rural,no,winter,9547.66
24,23,51.31,46.76,6.76,4.0,2,B,medium,urban,no,autumn,8701.65
32,6,81.49,30.82,74.89,4.0,2,B,medium,suburban,no,winter,14488.53
20,16,40.88,72.26,20.53,3.0,1,,medium,urban,no,winter,8979.05
22,18,54.37,37.7,,2.0,2,C,medium,rural,no,winter,6725.52
22,13,40.0,84.98,12.23,4.0,0,A,low,urban,no,autumn,7634.17
38,10,43.47,33.76,31.97,7.0,5,D,low,urban,no,winter,8656.31
26,4,42.14,47.25,21.23,2.0,1,B,high,suburban,no,summer,10050.21
55,13,52.38,88.45,27.86,2.0,1,D,medium,urban,no,winter,9547.07
52,24,62.78,32.23,41.43,3.0,1,A,low,suburban,no,summer,10521.18
38,26,50.03,82.0,15.86,4.0,5,B,high,urban,no,winter,11579.04
64,12,52.82,49.77,58.62,1.0,0,B,low,suburban,no,summer,11491.77
22,9,71.92,77.94,57.43,11.0,3,C,medium,urban,no,spring,13702.92
47,11,66.9,55.78,34.77,0.0,1,C,low,urban,no,autumn,10906.58
31,28,61.97,61.62,45.37,,1,D,,urban,no,spring,14470.9
48,10,59.44,19.84,8.34,6.0,1,A,medium,rural,yes,autumn,9068.42
27,4,46.81,58.46,31.61,0.0,0,B,medium,rural,yes,winter,9650.99
61,26,79.18,,27.22,3.0,0,D,high,urban,yes,autumn,13625.78
66,8,36.12,81.64,,1.0,1,A,medium,rural,,winter,8910.12
35,19,85.3,76.39,45.34,3.0,1,D,high,urban,no,winter,14264.3
59,23,47.15,59.95,15.74,7.0,3,B,medium,urban,no,winter,11077.18
33,10,45.48,71.44,83.28,4.0,0,C,medium,urban,no,autumn,16555.76
55,25,76.08,40.06,25.55,4.0,1,C,medium,suburban,no,summer,9421.93
58,21,87.59,35.84,17.59,3.0,1,C,medium,rural,no,winter,7899.1
26,23,45.81,83.47,20.04,0.0,4,,high,suburban,yes,winter,12764.47
41,5,60.2,73.63,28.53,1.0,0,B,low,suburban,no,autumn,8510.75
45,0,39.38,27.7,32.37,7.0,3,A,low,suburban,no,winter,8124.13
64,16,39.62,48.86,67.26,4.0,0,A,medium,rural,no,spring,11817.52
29,20,76.85,32.21,34.09,1.0,0,A,high,suburban,no,autumn,11866.15
49,25,93.05,58.41,14.06,3.0,3,A,,suburban,no,winter,9291.96
63,24,82.01,77.27,30.96,4.0,1,D,high,rural,no,summer,13531.89
39,28,90.25,78.57,14.18,3.0,1,A,low,urban,yes,summer,12697.91
40,4,41.35,67.93,18.16,3.0,1,,low,suburban,no,spring,8865.28
65,21,80.63,41.57,32.77,4.0,1,C,high,rural,yes,winter,12735.86
23,21,55.82,25.51,28.16,4.0,0,,low,suburban,no,spring,8524.71
28,17,70.52,92.03,39.79,3.0,0,B,low,urban,no,winter,12029.43
31,30,85.39,43.47,54.76,2.0,3,B,medium,urban,no,winter,12044.37
28,22,33.29,44.88,19.02,3.0,2,C,low,suburban,yes,spring,5738.05
66,0,70.8,33.9,10.6,3.0,2,,,rural,no,autumn,5442.31
47,13,60.3,62.03,52.21,5.0,1,C,high,rural,no,winter,12667.2
64,23,28.92,19.69,,4.0,0,B,medium,urban,no,spring,6344.74
64,29,50.2,53.87,31.42,4.0,1,A,medium,urban,no,autumn,10434.97
22,23,65.4,78.56,18.58,2.0,3,B,low,urban,no,spring,11717.44
55,28,48.83,66.82,24.77,4.0,0,D,medium,urban,no,winter,9585.8
42,4,82.37,74.96,10.94,4.0,1,C,low,suburban,no,winter,10037.5
61,30,69.79,46.81,14.75,3.0,2,C,medium,urban,yes,summer,11273.64
45,0,55.12,58.51,32.95,4.0,3,B,medium,suburban,no,winter,9596.77
63,23,54.12,62.68,16.81,4.0,1,B,low,suburban,no,winter,9989.1
62,16,71.09,46.21,24.61,6.0,4,B,low,urban,no,winter,8851.5
38,27,67.75,,35.37,5.0,0,A,medium,rural,yes,autumn,12326.82
31,6,23.32,43.8,33.3,2.0,2,D,high,suburban,yes,autumn,11342.65
63,11,54.9,29.2,25.27,4.0,1,B,low,urban,no,autumn,7464.82
49,22,77.24,31.1,,4.0,1,D,low,rural,no,summer,7946.91
50,25,19.81,,31.71,2.0,4,B,high,suburban,no,winter,10326.78
36,24,72.75,4.08,11.94,,6,,medium,urban,no,spring,9732.58
32,16,28.81,42.55,,3.0,2,,medium,suburban,yes,autumn,8454.97
52,4,31.15,47.22,33.93,1.0,2,A,medium,suburban,no,spring,10126.85
24,1,,42.6,17.85,4.0,2,C,low,suburban,yes,autumn,6527.55
52,3,65.43,73.76,12.53,3.0,2,A,medium,suburban,,winter,9957.75
21,24,80.37,,,1.0,4,C,low,,no,autumn,10875.85
39,26,52.35,62.46,34.6,3.0,2,A,medium,rural,no,autumn,9988.75
47,28,27.4,55.82,20.98,9.0,1,A,medium,urban,no,autumn,11472.73
57,16,41.17,81.87,9.52,2.0,2,A,low,rural,no,autumn,8990.31
52,8,49.5,52.72,5.01,5.0,2,C,medium,rural,no,spring,6165.93
64,7,68.74,63.17,18.72,3.0,1,A,medium,rural,no,summer,9043.38
67,22,72.46,53.86,16.27,2.0,0,C,medium,suburban,yes,summer,11296.17
29,24,74.5,43.17,28.4,5.0,3,C,medium,suburban,no,winter,11284.3
60,22,47.6,73.98,22.36,2.0,1,C,medium,rural,no,autumn,9441.9
44,24,81.64,69.41,18.81,2.0,2,B,high,rural,no,summer,11872.03
58,12,54.26,46.26,40.09,1.0,1,B,medium,suburban,yes,spring,10564.0
62,29,50.74,79.65,18.6,2.0,1,B,low,suburban,no,winter,9256.64
67,5,41.67,,9.44,1.0,2,B,medium,urban,no,autumn,9309.81
52,5,49.3,,18.56,8.0,1,A,high,urban,yes,autumn,13436.02
59,21,74.29,70.62,28.8,5.0,1,A,low,rural,no,winter,10368.12
29,27,45.58,61.09,19.67,4.0,0,B,medium,rural,no,autumn,9345.66
48,7,92.47,83.56,17.09,6.0,3,C,low,rural,no,summer,10509.03
58,16,94.27,60.14,11.99,4.0,3,A,medium,rural,no,summer,10799.64
32,4,69.83,,,4.0,2,,low,rural,yes,autumn,13702.5
62,0,25.04,,9.62,3.0,2,B,medium,urban,no,autumn,11005.94
24,21,36.91,44.18,17.53,2.0,0,C,high,rural,no,summer,5955.05
53,2,59.28,100.0,,4.0,1,C,high,urban,yes,summer,15781.79
50,13,61.93,32.79,14.31,5.0,1,C,high,rural,no,autumn,8136.22
43,5,60.05,84.48,33.57,6.0,2,A,,urban,yes,spring,13353.71
53,2,66.32,30.32,41.63,3.0,2,A,medium,urban,,autumn,11508.03
63,21,37.2,62.49,15.45,3.0,1,C,medium,urban,no,winter,8949.6
25,7,69.06,50.6,34.34,0.0,1,A,high,urban,no,summer,11380.58
58,17,70.63,12.86,15.21,6.0,2,B,medium,urban,no,summer,8876.09
54,6,51.34,59.18,30.85,4.0,1,A,high,suburban,no,summer,12007.71
53,3,33.96,56.54,14.73,2.0,2,A,low,suburban,yes,spring,9564.98
53,25,42.5,72.89,19.99,1.0,0,C,medium,urban,yes,winter,9122.97
43,9,88.74,28.33,45.95,4.0,4,A,medium,suburban,no,summer,13116.98
26,29,59.65,36.8,55.68,7.0,3,B,medium,rural,no,winter,13933.23
58,27,57.78,23.44,,2.0,2,B,low,suburban,no,autumn,7750.85
51,29,46.81,65.97,17.68,1.0,2,A,low,suburban,no,winter,8038.29
61,26,22.48,50.71,46.49,2.0,4,D,medium,suburban,no,winter,13152.94
63,21,73.98,53.82,14.47,3.0,1,B,medium,urban,no,summer,11554.62
18,19,66.03,42.11,,6.0,3,A,medium,rural,no,winter,9441.16
52,11,67.05,42.94,31.37,5.0,1,D,medium,,yes,summer,11614.87
36,18,19.81,76.4,40.6,4.0,2,C,low,,no,summer,10804.06
27,2,67.85,,47.68,4.0,3,A,medium,urban,yes,spring,15730.83
46,22,77.15,61.77,,2.0,3,B,medium,rural,no,autumn,13345.85
32,24,,59.1,7.5,3.0,1,B,low,rural,yes,spring,8502.64
39,2,43.21,56.04,12.34,2.0,2,B,medium,rural,yes,summer,8605.37
48,20,57.52,58.72,9.95,3.0,0,D,low,urban,no,spring,7662.66
59,29,99.56,50.36,17.08,1.0,1,C,medium,urban,no,spring,11253.59
56,30,64.28,90.78,20.31,3.0,2,B,low,suburban,yes,autumn,12382.4
54,25,61.68,42.05,14.22,6.0,0,B,,suburban,no,spring,9205.13
60,11,54.89,39.84,22.25,4.0,2,B,low,suburban,yes,autumn,10481.85
51,14,96.51,62.22,23.37,5.0,2,C,medium,rural,no,winter,10952.16
36,21,73.71,,20.15,5.0,4,A,medium,urban,yes,winter,12670.97
42,22,75.37,36.55,16.82,2.0,1,B,medium,rural,yes,summer,9780.42
42,21,42.34,42.82,30.16,5.0,3,A,medium,rural,no,summer,9289.96
40,19,52.95,5.9,12.24,1.0,2,A,medium,suburban,no,autumn,5750.78
49,17,57.3,47.34,15.02,1.0,0,A,medium,suburban,yes,spring,10533.79
52,22,42.04,61.11,28.76,3.0,3,D,low,rural,no,winter,9261.09
48,4,67.27,69.58,75.42,4.0,1,C,high,urban,yes,summer,16947.95
48,13,47.51,34.96,13.87,4.0,4,C,high,urban,no,spring,9818.89
48,1,70.44,57.18,10.93,3.0,0,A,medium,rural,yes,winter,9835.97
44,13,,30.12,,2.0,0,A,medium,rural,no,winter,9329.3
37,30,57.73,63.09,8.01,5.0,0,C,low,rural,yes,winter,8641.08
20,30,53.94,62.26,12.04,4.0,0,B,low,rural,no,spring,7163.01
54,11,36.16,37.07,,3.0,1,D,low,suburban,no,autumn,7346.4
36,0,86.83,60.46,11.78,7.0,1,B,medium,suburban,,winter,10547.41
66,20,51.2,73.24,,4.0,1,A,medium,urban,no,winter,12584.79
32,8,74.08,70.64,15.26,1.0,4,B,medium,rural,no,winter,9239.65
30,9,60.37,61.55,10.94,1.0,4,C,medium,suburban,no,winter,8940.41
63,27,73.48,13.08,28.84,3.0,2,D,low,,yes,summer,10426.81
40,22,47.66,41.81,,5.0,2,B,medium,suburban,no,autumn,10191.65
65,22,39.78,78.43,28.3,5.0,1,C,high,suburban,no,summer,11100.68
53,6,83.45,61.17,94.73,3.0,0,A,medium,urban,no,autumn,16614.41
46,0,84.93,34.46,19.29,1.0,1,C,high,suburban,yes,autumn,12971.85
24,15,,50.27,11.19,5.0,1,C,medium,urban,no,summer,8296.5
32,18,12.29,34.85,22.01,2.0,1,A,low,urban,no,winter,7196.66
59,16,65.82,90.59,25.64,6.0,0,C,low,suburban,yes,winter,11504.37
36,4,80.9,79.7,40.98,4.0,1,A,high,suburban,no,summer,14789.37
41,9,75.65,54.6,12.17,5.0,4,A,medium,suburban,yes,spring,10992.37
36,24,48.95,59.85,22.05,6.0,1,C,high,rural,yes,autumn,13901.28
32,23,77.19,85.67,45.39,2.0,3,B,low,suburban,no,winter,14068.98
32,8,62.97,28.97,24.24,4.0,1,C,low,suburban,no,autumn,6831.57
42,4,59.76,56.94,11.79,6.0,3,A,medium,urban,no,spring,9260.2
44,10,60.81,36.85,29.06,3.0,2,A,medium,,yes,autumn,10906.1
39,8,48.18,38.73,7.32,4.0,1,A,high,suburban,yes,winter,7948.92
66,12,44.37,67.62,16.25,2.0,1,A,low,urban,yes,autumn,10630.44
42,17,53.64,,22.26,5.0,2,B,low,urban,yes,winter,9540.46
58,27,50.71,90.96,18.69,2.0,2,B,low,suburban,no,autumn,11931.89
65,12,43.98,25.61,6.8,6.0,1,B,medium,urban,yes,autumn,10696.35
21,12,77.47,43.03,21.29,6.0,2,A,low,suburban,no,spring,8987.5
25,7,58.58,65.67,16.04,8.0,0,B,medium,urban,yes,summer,13557.76
19,2,65.56,44.75,23.17,7.0,3,A,low,rural,no,summer,10561.27
29,24,59.06,76.01,15.8,2.0,3,A,low,suburban,yes,autumn,10737.34
36,12,60.93,83.6,25.56,5.0,1,A,medium,urban,no,winter,11014.06
56,10,32.04,60.31,31.91,3.0,2,D,low,rural,no,summer,10628.26
46,6,54.38,26.35,39.27,4.0,2,C,low,rural,no,winter,9292.11
44,15,37.39,5.64,24.18,3.0,1,D,high,suburban,yes,winter,10279.32
53,19,33.5,86.54,38.89,5.0,0,A,low,suburban,no,spring,10067.73
24,26,80.12,46.78,9.36,2.0,1,A,high,urban,no,autumn,11114.9
33,1,81.41,45.54,18.61,7.0,1,D,medium,rural,no,autumn,8131.21
65,3,58.59,33.38,64.77,,0,B,low,rural,no,spring,12022.3
29,11,64.14,93.66,7.59,3.0,3,C,high,urban,no,summer,12547.98
27,23,65.81,55.46,20.72,4.0,3,A,high,urban,no,spring,11909.79
58,9,49.84,40.27,17.63,4.0,1,A,high,suburban,yes,summer,11900.99
20,11,73.19,,,3.0,0,B,low,suburban,no,winter,7606.94
19,22,51.55,40.37,,5.0,7,B,low,suburban,yes,winter,7981.22
44,29,23.71,38.91,17.35,1.0,1,B,low,urban,no,autumn,8979.37
19,19,55.75,19.19,28.35,,0,B,low,urban,no,spring,7934.92
28,16,61.97,34.28,80.79,2.0,0,C,low,urban,no,autumn,10785.97
18,23,59.87,69.22,16.73,6.0,1,C,medium,urban,yes,spring,9556.64
29,2,43.44,28.87,5.32,4.0,3,D,medium,urban,no,winter,7858.19
42,13,,40.94,17.16,2.0,4,C,medium,suburban,no,winter,7913.12
48,6,27.32,24.76,25.52,4.0,0,C,medium,urban,no,autumn,6401.45
63,11,30.26,27.68,38.18,3.0,2,C,medium,urban,yes,summer,9919.58
52,4,78.43,55.69,21.04,6.0,2,C,high,rural,no,summer,11338.03
21,28,65.34,62.9,16.3,6.0,0,A,medium,urban,no,autumn,11190.32
28,25,69.8,,28.75,3.0,2,B,high,urban,no,winter,14129.92
19,7,34.56,85.48,34.22,2.0,2,A,high,rural,yes,winter,11918.71
35,27,60.41,63.76,5.97,9.0,2,D,medium,suburban,no,winter,10659.19
39,27,64.28,75.31,49.82,4.0,3,B,medium,urban,no,autumn,14753.05
46,18,91.67,42.87,11.7,4.0,1,C,low,urban,no,autumn,8566.53
68,22,37.76,36.55,11.0,6.0,4,C,medium,rural,no,summer,7261.31
65,20,47.26,41.4,26.68,5.0,2,B,medium,suburban,no,winter,10616.86
61,6,48.81,89.13,7.71,7.0,2,B,low,urban,no,summer,10655.62
40,16,87.0,43.32,25.75,3.0,4,A,low,suburban,no,winter,10747.51
39,4,,,26.78,0.0,3,D,medium,urban,no,autumn,8511.36
47,19,,76.51,15.76,3.0,0,B,high,rural,no,winter,11017.52
49,5,63.98,69.01,22.3,4.0,2,C,medium,suburban,yes,autumn,10188.43
38,11,57.74,57.03,36.5,1.0,2,C,low,suburban,,autumn,11151.2
27,21,73.56,48.33,12.07,4.0,1,C,low,urban,yes,winter,9136.01
32,22,42.99,60.35,16.48,2.0,0,B,medium,urban,no,winter,11267.35
30,22,51.85,,5.31,4.0,2,,medium,urban,no,summer,10016.42
41,22,54.34,76.71,17.46,3.0,2,D,medium,rural,no,autumn,12014.61
36,22,28.92,,28.77,6.0,3,C,medium,urban,no,winter,8251.83
46,12,38.2,54.31,28.51,6.0,2,C,medium,rural,no,summer,9445.06
58,6,,52.32,20.02,4.0,2,A,low,urban,no,summer,8696.32
26,1,51.69,,45.15,4.0,2,B,low,urban,no,summer,10490.49
59,9,77.01,45.98,13.55,2.0,1,A,medium,urban,no,summer,10060.12
32,5,41.68,,12.03,4.0,2,C,low,suburban,no,autumn,5822.85
59,8,54.3,69.43,15.71,2.0,3,C,medium,suburban,no,summer,9442.0
67,18,47.84,58.46,12.82,3.0,2,A,medium,urban,no,spring,9905.1
44,18,55.89,77.04,37.04,6.0,1,D,high,urban,no,winter,11201.08
27,19,79.55,9.33,16.54,4.0,1,B,low,urban,no,summer,8190.3
59,13,,57.6,15.06,3.0,3,B,low,suburban,no,autumn,8858.52
62,11,78.43,34.17,26.89,3.0,1,B,low,suburban,yes,spring,11713.31
27,14,,52.69,26.5,6.0,4,A,medium,suburban,yes,autumn,12711.31
63,3,71.96,36.25,16.61,2.0,3,A,high,rural,no,winter,8518.1
31,5,81.93,72.79,22.39,5.0,3,B,low,rural,no,winter,12126.8
59,3,48.3,100.0,,2.0,3,B,medium,suburban,yes,autumn,15985.34
30,17,57.84,88.95,,3.0,1,A,low,suburban,no,winter,11213.86
18,30,54.74,77.43,22.53,2.0,0,A,,,yes,spring,10898.32
46,1,79.84,74.4,82.87,0.0,1,A,high,suburban,no,autumn,16772.69
49,0,,44.63,,1.0,0,C,medium,urban,yes,summer,8955.01
32,28,71.12,43.66,38.33,2.0,3,A,medium,urban,yes,spring,14364.78
34,15,31.67,70.98,18.09,5.0,0,C,high,urban,yes,winter,9805.91
62,24,90.33,,,3.0,2,B,medium,urban,no,autumn,12735.79
52,21,70.4,67.87,24.26,7.0,2,B,low,urban,yes,spring,12903.67
45,15,63.33,77.57,43.08,6.0,1,B,low,urban,no,winter,10550.21
45,22,26.7,76.78,24.36,4.0,0,B,medium,suburban,yes,summer,12752.25
19,21,82.04,43.15,25.11,6.0,2,,low,urban,no,summer,10529.91
48,27,100.0,46.75,31.88,3.0,0,B,high,urban,no,spring,12428.24
30,30,44.01,85.55,22.52,4.0,4,B,medium,urban,no,autumn,12308.75
28,9,52.73,80.43,14.8,5.0,2,B,medium,rural,no,spring,12234.02
53,3,52.64,32.17,11.19,5.0,1,C,medium,suburban,no,winter,6968.18
35,22,58.02,45.01,30.01,3.0,0,D,high,urban,yes,spring,11710.85
51,24,51.23,33.51,,2.0,2,B,low,rural,no,winter,7448.39
52,9,62.9,39.21,,2.0,1,C,high,rural,no,autumn,8783.82
67,2,20.73,51.63,29.31,6.0,4,A,medium,suburban,no,spring,10838.43
62,27,,43.42,33.48,2.0,1,C,medium,suburban,yes,spring,10381.61
47,18,28.77,66.7,37.84,3.0,1,A,low,urban,no,winter,9546.41
36,30,54.5,65.78,56.59,4.0,1,B,medium,urban,no,spring,12367.68
69,10,59.86,75.21,67.74,5.0,0,A,high,urban,no,winter,15259.21
56,2,50.74,62.56,28.06,6.0,4,A,medium,suburban,no,winter,10455.93
38,18,,35.83,19.61,2.0,2,C,medium,rural,no,spring,8510.36
53,6,60.56,55.18,10.42,3.0,3,C,medium,rural,no,summer,9762.01
58,23,59.76,32.07,7.59,3.0,3,B,high,suburban,yes,winter,10878.66
28,6,50.39,81.6,,8.0,1,C,high,suburban,no,spring,9312.43
55,6,62.12,64.23,18.73,8.0,0,C,low,rural,yes,summer,9298.0
42,22,57.23,58.75,67.75,2.0,3,D,low,urban,no,spring,11565.45
38,3,45.29,56.24,22.54,3.0,2,A,medium,suburban,no,autumn,9487.79
30,14,75.69,18.3,25.76,5.0,1,C,low,urban,yes,winter,8508.86
38,10,,18.33,57.83,5.0,2,A,low,urban,no,spring,10311.11
49,28,64.92,45.22,53.2,1.0,2,B,low,urban,yes,spring,11285.32
23,14,60.6,60.33,13.96,3.0,1,C,low,urban,no,summer,7295.97
65,18,69.21,40.58,30.5,6.0,1,A,medium,urban,no,winter,10919.43
21,0,73.68,38.51,24.2,2.0,1,B,medium,urban,no,winter,8002.06
49,28,62.88,74.51,18.08,3.0,0,B,high,urban,no,autumn,9682.55
68,17,63.59,67.84,30.72,5.0,3,A,low,suburban,no,spring,11326.7
48,27,71.35,48.72,18.83,3.0,2,A,low,suburban,yes,summer,11792.36
23,9,59.96,14.38,10.29,4.0,2,A,low,urban,no,winter,5785.92
27,14,41.46,,18.6,6.0,1,B,low,urban,no,summer,10408.76
35,6,34.56,10.54,18.5,7.0,3,C,medium,urban,no,summer,9099.39
61,17,48.82,68.49,13.2,5.0,3,C,medium,suburban,no,winter,9588.0
68,10,90.45,40.7,35.05,2.0,1,C,low,urban,no,autumn,9945.9
38,28,38.74,34.8,15.38,4.0,2,B,high,urban,no,spring,8863.09
39,4,100.0,23.88,7.02,3.0,1,B,medium,suburban,yes,autumn,8382.88
31,1,70.78,66.79,21.82,,1,B,low,urban,no,spring,9636.4
35,6,46.03,55.47,30.96,5.0,3,D,low,suburban,no,autumn,9453.11
23,17,57.55,81.44,71.26,3.0,2,B,high,urban,no,spring,14103.42
21,23,52.19,49.23,64.12,4.0,1,B,high,suburban,no,summer,13801.24
41,4,94.61,41.56,9.47,6.0,2,C,medium,suburban,yes,summer,11106.14
68,14,63.57,31.38,12.07,6.0,2,,low,suburban,no,summer,9314.84
21,6,83.45,50.68,21.01,5.0,3,B,low,urban,yes,autumn,12356.49
47,2,51.77,21.44,14.64,3.0,2,C,high,urban,no,summer,7473.21
38,10,,69.14,15.2,2.0,9,B,high,suburban,no,spring,10458.29
30,16,65.35,82.35,24.51,1.0,2,C,medium,suburban,yes,autumn,11240.06
26,15,73.17,84.77,24.56,0.0,2,D,low,urban,yes,spring,12331.65
40,6,70.27,14.71,,9.0,1,B,medium,rural,no,summer,10397.09
51,27,76.78,23.96,6.03,4.0,3,A,medium,urban,yes,summer,11679.94
55,2,46.51,29.87,50.31,3.0,2,A,high,urban,no,autumn,11745.93
65,4,78.19,,15.2,7.0,1,A,high,urban,yes,autumn,11840.37
50,24,81.78,83.04,39.22,3.0,2,B,medium,suburban,no,spring,14320.58
56,2,58.98,,16.05,4.0,2,C,low,suburban,no,autumn,6377.5
66,26,87.51,76.51,19.97,1.0,0,A,medium,rural,no,winter,9579.75
55,19,89.36,78.13,26.98,5.0,1,C,low,urban,no,summer,14287.06
69,25,56.66,,34.67,4.0,0,A,low,urban,no,winter,10185.63
39,15,42.36,23.21,,,0,C,high,urban,yes,spring,11358.76
34,11,71.89,58.38,17.09,7.0,1,D,medium,urban,no,spring,10231.58
54,0,48.99,30.06,15.97,3.0,3,B,high,suburban,yes,spring,11505.87
29,16,58.02,63.25,6.17,,2,A,low,urban,no,autumn,8010.07
50,7,56.48,60.21,16.41,0.0,1,B,high,rural,no,spring,8988.2
54,12,100.0,60.74,11.27,5.0,4,C,medium,rural,no,winter,11517.54
40,9,69.25,69.84,33.8,2.0,1,B,medium,urban,no,winter,11686.54
49,19,88.2,86.02,,3.0,1,A,medium,suburban,no,autumn,13204.57
50,17,73.81,21.63,35.79,4.0,2,A,high,rural,no,winter,9447.94
66,26,84.75,75.5,7.72,2.0,2,A,medium,rural,yes,autumn,12154.22
55,24,42.8,15.1,17.87,3.0,2,B,low,rural,no,autumn,7723.28
47,26,68.45,99.41,26.75,8.0,1,A,medium,urban,yes,summer,15051.2
61,12,,52.73,56.27,3.0,3,A,high,urban,yes,spring,14889.07
36,7,42.42,76.59,14.51,3.0,0,A,medium,rural,yes,spring,10241.49
40,26,57.1,80.75,21.72,3.0,1,A,low,rural,no,autumn,9351.24
28,9,64.96,65.31,,4.0,1,A,medium,rural,no,winter,10524.17
40,5,33.76,32.5,22.88,3.0,6,A,medium,rural,no,winter,7767.77
49,8,20.13,69.58,,4.0,2,D,medium,urban,no,summer,8524.64
18,2,55.21,80.37,26.0,6.0,0,B,medium,rural,yes,spring,10966.91
60,25,63.72,45.02,35.94,0.0,0,B,low,suburban,no,summer,11413.12
59,10,64.31,92.89,34.28,3.0,0,D,medium,urban,no,spring,13072.01
50,4,75.86,16.13,12.44,6.0,1,C,high,suburban,yes,winter,9497.84
31,28,54.7,84.66,39.38,4.0,2,A,medium,urban,no,spring,14552.23
30,9,45.88,25.21,28.69,8.0,5,D,medium,suburban,no,autumn,10580.37
35,13,86.13,35.88,44.41,1.0,1,B,medium,rural,no,spring,10284.86
22,23,51.94,78.32,,2.0,3,C,medium,suburban,yes,winter,10040.88
25,27,66.78,43.1,42.45,4.0,2,A,medium,urban,no,spring,12717.49
29,21,47.39,74.38,16.53,5.0,3,B,high,suburban,no,summer,13372.74
34,18,74.81,50.12,29.08,2.0,1,B,low,suburban,no,spring,11333.18
45,8,29.73,43.81,19.96,2.0,0,A,low,rural,yes,spring,8279.43
30,18,,68.64,,5.0,3,A,low,suburban,no,winter,9086.48
23,4,,79.06,36.95,2.0,1,B,medium,suburban,no,winter,9022.58
58,0,39.89,36.5,20.83,7.0,0,C,high,suburban,yes,summer,12984.2
61,11,52.44,47.25,43.24,5.0,5,B,low,urban,no,summer,13186.25
69,9,65.02,17.7,25.94,3.0,1,B,medium,rural,no,winter,10286.96
28,0,48.14,11.82,18.19,2.0,1,B,low,rural,yes,autumn,6941.76
59,12,63.72,82.74,34.43,2.0,2,D,high,rural,no,summer,14055.11
58,11,41.99,75.78,26.85,2.0,3,B,medium,suburban,yes,spring,11693.87
63,25,81.22,65.99,,2.0,3,B,medium,rural,no,summer,12229.28
47,13,,,24.84,7.0,1,A,low,suburban,yes,summer,11645.78
64,8,60.99,78.28,23.68,5.0,3,A,high,urban,no,winter,12658.54
26,4,67.63,10.2,29.79,3.0,1,B,low,rural,yes,spring,7436.09
52,29,73.71,59.48,24.76,4.0,1,A,medium,suburban,no,summer,12258.84
34,22,33.46,59.18,14.63,1.0,3,C,low,urban,yes,autumn,9834.03
47,11,38.01,85.8,15.39,3.0,1,C,high,urban,no,autumn,9747.69
68,17,76.71,86.09,10.39,3.0,1,D,low,rural,yes,spring,11308.53
65,12,50.22,0.0,5.51,2.0,1,C,medium,suburban,no,spring,5280.82
68,21,44.94,57.69,13.6,2.0,1,B,low,suburban,no,autumn,6651.99
27,19,70.27,57.76,11.4,,2,C,medium,suburban,no,summer,10202.67
35,23,61.11,83.51,9.22,4.0,1,C,low,suburban,no,spring,8921.64
61,3,60.93,36.65,34.52,2.0,0,D,low,urban,no,winter,9208.26
41,6,71.91,62.51,47.62,3.0,2,B,low,suburban,yes,spring,12581.69
36,4,,70.31,11.27,0.0,2,D,medium,rural,no,spring,11920.45
40,28,29.83,70.53,18.57,3.0,0,B,medium,urban,no,summer,11766.52
24,21,33.79,56.47,94.05,2.0,2,D,,suburban,no,winter,13298.04
58,17,,66.06,43.64,2.0,1,C,high,suburban,no,summer,14192.12
21,2,41.58,53.25,27.04,4.0,1,A,high,rural,yes,autumn,11615.89
40,16,,25.83,36.64,1.0,1,D,medium,rural,no,winter,10088.78
46,29,78.76,76.15,18.48,5.0,1,D,medium,suburban,yes,summer,12964.44
47,3,63.55,33.77,9.16,8.0,3,B,high,rural,no,winter,8980.44
29,29,60.69,73.42,6.68,3.0,1,A,high,rural,no,spring,10351.24
27,27,38.91,63.23,18.32,4.0,3,C,high,rural,no,spring,10541.66
47,10,28.4,83.16,26.02,5.0,2,C,high,suburban,no,winter,11511.07
67,14,68.23,53.6,34.54,4.0,4,A,,suburban,no,spring,11373.9
56,8,91.92,61.16,17.02,3.0,1,B,low,rural,,autumn,12119.67
61,0,40.78,87.56,10.39,6.0,1,A,medium,urban,yes,winter,10367.36
19,7,59.06,95.49,9.45,1.0,2,B,high,suburban,no,spring,10622.44
60,9,58.7,63.26,15.92,1.0,4,C,high,suburban,yes,autumn,13487.55
41,26,63.0,37.76,32.1,3.0,2,C,low,suburban,no,summer,9743.05
30,28,52.92,43.48,13.19,4.0,1,D,high,suburban,no,summer,8893.18
67,5,82.06,43.24,23.67,0.0,0,B,low,rural,yes,spring,7378.69
37,7,38.31,54.66,5.99,3.0,1,D,medium,rural,no,spring,6503.66
35,1,66.52,42.46,60.31,5.0,1,A,medium,urban,no,autumn,11310.86
21,16,63.26,63.79,22.98,7.0,1,B,medium,rural,yes,summer,12223.58
28,4,65.45,0.0,6.93,5.0,1,A,medium,rural,no,autumn,4251.46
58,23,57.4,77.95,18.05,1.0,2,B,high,urban,yes,spring,13980.61
58,16,44.18,100.0,44.87,7.0,3,B,low,urban,no,winter,13169.34
35,2,41.26,47.59,16.72,1.0,1,A,medium,urban,yes,spring,6893.74
32,25,26.03,48.06,30.01,3.0,1,C,high,suburban,yes,summer,11591.28
47,0,78.92,86.25,24.66,6.0,0,B,high,rural,yes,winter,14983.32
38,17,43.93,71.28,60.4,5.0,2,A,medium,suburban,yes,spring,14599.22
52,18,32.16,28.1,18.73,3.0,0,C,low,urban,no,summer,6696.34
53,10,86.9,93.64,46.68,4.0,3,C,low,urban,yes,winter,15397.97
28,8,40.58,86.5,30.54,6.0,0,D,high,suburban,no,spring,9803.66
29,18,61.64,56.43,20.95,4.0,1,B,medium,rural,,winter,7704.79
23,16,38.6,49.18,25.98,5.0,2,A,medium,urban,no,winter,10727.15
26,6,60.0,96.5,24.94,1.0,4,B,,suburban,yes,summer,12739.9
52,23,59.92,84.87,33.22,4.0,0,B,medium,suburban,no,summer,13778.86
53,7,84.59,32.67,20.57,4.0,2,C,low,suburban,yes,spring,9026.23
66,13,85.03,61.81,17.67,1.0,0,D,medium,urban,no,spring,9527.51
39,21,82.47,47.11,100.08,5.0,2,B,medium,suburban,yes,spring,18263.81
38,21,65.66,91.3,33.42,5.0,3,D,low,urban,no,autumn,12943.8
47,13,52.2,79.71,26.16,7.0,2,C,low,urban,no,spring,10216.6
52,29,77.06,34.01,19.68,2.0,2,B,low,urban,yes,autumn,8547.82
20,7,59.22,48.26,11.83,4.0,0,C,low,rural,no,spring,6565.81
44,12,77.57,70.41,50.5,5.0,1,B,low,suburban,no,spring,12322.41
37,14,100.0,41.08,,6.0,4,D,medium,suburban,yes,winter,11537.05
52,20,57.88,84.5,14.9,4.0,3,D,low,rural,no,autumn,11157.27
61,18,80.43,70.29,,4.0,0,A,low,urban,no,winter,10607.26
19,29,86.45,16.51,22.4,8.0,2,C,medium,urban,no,autumn,11270.96
54,22,33.85,34.05,29.78,7.0,3,C,low,urban,yes,summer,11475.6
64,19,36.3,53.62,21.61,4.0,0,B,medium,urban,no,winter,10233.14
66,6,46.58,62.0,13.32,3.0,2,B,low,,,autumn,8468.3
26,1,23.4,27.54,20.27,2.0,2,B,medium,rural,no,autumn,6633.05
44,4,39.04,45.23,23.47,2.0,1,B,low,suburban,no,spring,7987.25
18,4,19.15,27.22,34.44,7.0,4,D,high,suburban,no,summer,10881.37
45,8,92.63,55.11,18.73,2.0,4,A,high,urban,no,winter,12531.83
63,29,47.76,82.59,16.69,3.0,1,D,medium,rural,yes,autumn,10688.08
63,5,65.8,,13.92,5.0,3,B,medium,suburban,no,spring,12765.88
62,2,98.67,78.77,14.24,4.0,2,B,low,suburban,yes,spring,12701.49
67,6,48.1,59.19,14.64,2.0,2,C,low,urban,no,autumn,8084.69
36,13,58.78,80.46,14.21,2.0,2,C,high,suburban,yes,spring,13930.69
22,0,,68.56,91.95,5.0,0,D,medium,rural,yes,winter,13513.76
24,12,56.45,,35.75,4.0,1,D,medium,rural,no,autumn,8261.6
69,10,52.33,43.72,21.91,3.0,0,B,low,suburban,yes,spring,9324.83
53,24,81.53,45.13,22.15,2.0,4,C,medium,urban,no,autumn,10786.27
48,20,60.97,57.74,76.38,5.0,4,D,medium,urban,no,winter,13822.02
63,0,60.45,57.18,33.73,,1,C,low,suburban,no,autumn,10668.82
46,19,57.05,,15.58,3.0,2,B,medium,suburban,no,spring,8244.88
20,11,62.34,43.79,16.25,2.0,1,B,medium,rural,no,winter,7797.47
64,0,54.95,57.23,12.01,8.0,2,A,medium,urban,yes,spring,9621.54
27,3,48.18,71.96,24.48,4.0,4,B,high,suburban,yes,summer,14025.17
58,20,75.93,94.97,36.02,4.0,3,A,high,rural,no,spring,14153.45
45,13,,71.9,13.49,1.0,5,C,low,suburban,no,winter,8693.46
28,20,48.57,52.45,17.16,5.0,1,D,medium,suburban,no,winter,8340.2
25,24,53.85,62.11,25.09,2.0,0,A,low,rural,yes,winter,8765.43
61,2,62.77,33.22,,2.0,2,B,medium,rural,no,winter,7083.43
25,5,74.85,81.47,25.67,9.0,3,B,medium,suburban,no,winter,12325.53
50,0,,,21.16,4.0,1,B,high,urban,yes,summer,11242.6
55,14,46.98,33.12,,,0,B,low,rural,no,autumn,6934.08
30,14,51.6,50.93,30.78,5.0,2,A,medium,suburban,no,winter,12836.78
39,12,61.39,6.62,10.15,3.0,1,A,medium,urban,no,summer,5776.92
34,2,59.15,59.15,10.03,3.0,1,D,low,suburban,yes,autumn,6339.48
67,20,50.6,56.06,39.22,0.0,3,A,low,rural,yes,summer,11926.19
26,28,54.3,68.62,17.11,7.0,1,A,medium,urban,yes,winter,10878.94
59,8,,61.53,13.87,2.0,1,C,medium,urban,no,spring,9613.39
60,13,63.09,52.6,22.41,7.0,3,D,high,rural,no,winter,12614.39
23,30,61.75,36.24,39.1,2.0,2,D,high,urban,no,autumn,10937.39
23,23,80.97,34.14,16.44,0.0,2,B,medium,suburban,,autumn,10887.9
28,8,64.07,68.43,23.0,1.0,4,B,medium,urban,no,spring,10455.6
45,6,81.2,66.61,11.48,2.0,1,D,medium,,yes,winter,10232.61
40,9,45.69,52.91,41.17,4.0,0,B,medium,suburban,no,autumn,11372.33
20,16,49.86,71.53,30.77,2.0,0,C,medium,urban,no,summer,9953.88
44,18,22.67,85.56,11.29,3.0,1,D,high,urban,no,spring,9356.08
65,5,52.36,55.69,16.19,4.0,2,A,low,suburban,no,spring,8714.31
58,25,50.84,51.05,29.67,2.0,1,B,medium,urban,no,spring,9605.16
65,7,74.15,40.43,,2.0,0,A,low,rural,no,summer,8097.5
42,27,70.93,47.73,,1.0,2,C,low,rural,yes,spring,10573.99
69,20,41.58,32.46,12.53,5.0,1,B,high,suburban,no,winter,10203.45
40,24,86.48,79.49,25.79,2.0,0,A,low,urban,yes,spring,14287.51
36,15,60.83,78.75,20.73,5.0,0,B,medium,urban,yes,spring,11837.41
40,14,55.66,87.05,22.61,5.0,0,C,medium,rural,no,summer,10230.49
44,26,100.0,26.77,12.38,1.0,4,C,medium,,,summer,10093.91
30,9,,82.28,15.71,6.0,4,C,low,urban,,winter,9227.52
65,16,85.17,53.77,22.31,2.0,1,D,high,urban,no,autumn,11651.76
56,21,82.58,60.02,22.34,4.0,5,A,medium,rural,no,winter,11623.95
51,11,47.55,62.31,31.79,5.0,2,B,medium,rural,no,autumn,9726.22
40,18,51.89,64.02,24.22,6.0,1,D,medium,urban,yes,autumn,11835.72
54,13,47.63,83.72,51.38,0.0,1,B,medium,suburban,no,autumn,13985.16
19,28,56.05,52.41,16.05,,2,B,high,suburban,no,summer,10941.78
18,23,53.89,41.27,13.81,6.0,1,C,low,rural,yes,autumn,8250.51
48,0,41.63,44.5,13.54,3.0,2,C,medium,suburban,no,autumn,9827.98
27,26,82.02,76.44,12.68,3.0,0,D,medium,rural,yes,autumn,10159.51
21,17,34.35,65.31,60.94,1.0,0,A,high,rural,yes,summer,13967.9
59,25,,62.05,18.57,5.0,1,B,low,rural,no,winter,8964.18
24,11,69.51,,79.02,5.0,2,A,medium,urban,no,summer,16608.39
59,3,80.52,,16.62,5.0,2,A,low,urban,no,summer,11411.84
41,15,58.28,22.64,25.28,2.0,3,D,high,suburban,no,spring,8917.06
24,1,56.65,73.15,59.68,2.0,1,D,low,suburban,no,summer,11485.91
19,14,48.79,100.0,19.71,1.0,2,A,low,urban,no,winter,7488.1
56,15,65.98,49.43,14.95,9.0,3,C,low,urban,yes,autumn,10871.17
27,0,82.17,89.19,11.22,2.0,1,D,high,rural,no,summer,10886.63
18,19,68.42,14.21,106.66,2.0,4,B,low,urban,no,summer,15164.44
63,6,49.28,62.34,43.89,1.0,1,D,low,suburban,no,autumn,9440.54
21,10,,41.93,25.24,2.0,2,D,low,rural,no,winter,7473.13
52,7,44.88,91.69,32.12,9.0,2,A,high,suburban,no,winter,12834.76
25,6,55.59,79.7,19.79,4.0,2,B,low,rural,no,winter,8479.95
49,30,,65.01,22.37,2.0,1,D,medium,rural,yes,spring,9366.26
56,29,31.78,37.3,,6.0,1,A,high,suburban,no,winter,8461.44
38,0,47.41,37.18,,3.0,0,B,low,suburban,,spring,9604.84
36,10,75.12,22.56,12.94,2.0,0,B,high,urban,no,autumn,9757.53
61,0,33.58,32.2,26.12,2.0,2,C,medium,urban,no,spring,8460.13
36,15,86.88,98.75,11.81,2.0,2,,high,rural,no,autumn,13226.99
40,18,84.13,38.1,18.1,2.0,4,C,high,urban,no,spring,11352.32
22,1,64.74,71.84,25.31,3.0,5,A,medium,rural,yes,autumn,11497.77
36,20,66.32,52.45,10.7,2.0,2,C,high,urban,no,summer,9431.1
19,13,52.77,90.04,38.58,5.0,1,B,medium,rural,no,summer,13191.15
19,23,7.62,44.95,11.28,4.0,0,B,low,suburban,no,summer,6080.89
43,19,57.44,24.91,10.13,4.0,2,,medium,urban,no,summer,8018.13
46,14,66.37,50.11,22.41,6.0,1,D,medium,urban,yes,autumn,11474.62
40,12,71.72,32.14,16.29,7.0,3,B,medium,suburban,no,spring,10474.57
63,22,62.99,88.63,26.66,3.0,2,D,medium,suburban,yes,winter,12008.25
61,9,86.4,61.67,20.53,4.0,3,B,low,suburban,no,spring,10911.66
57,30,61.86,39.76,57.64,2.0,3,B,low,rural,yes,winter,13086.89
52,1,56.95,39.31,18.69,1.0,1,C,low,rural,no,autumn,7038.01
58,18,71.23,58.49,24.46,6.0,4,B,medium,rural,no,autumn,10809.66
35,17,,100.0,26.71,2.0,3,C,low,urban,no,winter,9683.2
31,21,57.97,76.3,13.98,2.0,5,B,low,rural,yes,winter,9637.18
43,1,47.13,69.62,13.51,3.0,1,A,low,rural,no,winter,5898.71
69,22,50.93,23.25,18.73,0.0,0,A,medium,suburban,no,winter,6644.68
21,22,78.06,65.45,27.48,3.0,4,A,,suburban,no,winter,10978.79
62,6,78.45,30.66,8.48,3.0,0,A,medium,rural,no,winter,7104.27
26,6,55.24,60.1,45.57,3.0,1,B,medium,suburban,yes,summer,12711.1
18,23,60.89,61.58,5.99,2.0,1,D,low,urban,no,spring,7072.83
68,29,53.46,74.05,24.86,1.0,0,C,medium,rural,no,spring,9851.06
58,14,96.0,71.68,10.53,6.0,0,B,high,urban,no,summer,13809.96
67,19,46.29,57.68,46.71,1.0,0,B,low,urban,yes,summer,13015.85
54,20,36.24,43.17,9.11,3.0,1,C,low,suburban,yes,autumn,8272.93
54,23,43.59,34.71,25.99,2.0,1,C,medium,urban,no,autumn,9205.51
34,8,77.69,48.54,29.46,,3,,medium,rural,no,autumn,10655.22
29,12,66.56,56.63,7.15,,1,B,low,rural,no,spring,9598.39
56,29,46.51,67.27,51.05,2.0,4,D,low,suburban,no,summer,13541.3
61,11,78.61,52.07,17.42,2.0,2,D,high,,yes,summer,12793.03
67,10,63.04,,,4.0,2,A,medium,urban,no,spring,10334.31
28,29,60.04,21.46,16.55,2.0,0,,medium,suburban,no,autumn,7456.5
60,30,54.13,71.33,,5.0,3,B,medium,,no,autumn,15936.74
20,3,52.87,81.89,,4.0,2,B,medium,suburban,no,summer,10174.26
68,11,,61.48,8.04,6.0,1,,medium,urban,yes,spring,12566.3
58,6,75.36,66.36,,3.0,2,B,medium,urban,no,autumn,12789.92
54,11,84.62,72.26,17.47,3.0,1,D,low,suburban,no,spring,11406.07
58,14,76.17,61.25,10.96,3.0,3,C,low,suburban,no,summer,9224.0
52,10,,74.52,40.69,4.0,3,A,low,urban,no,spring,11700.73
34,13,44.42,42.85,46.68,1.0,2,C,low,suburban,no,summer,8374.63
67,12,64.65,75.05,,2.0,1,B,low,suburban,no,winter,8816.53
23,0,27.17,51.68,17.7,4.0,1,B,medium,suburban,no,autumn,7505.2
69,19,100.0,65.78,17.32,1.0,4,A,low,urban,no,winter,10457.54
36,17,50.98,48.6,35.55,2.0,0,D,medium,urban,no,spring,11104.37
18,30,69.32,56.87,18.96,,0,A,medium,urban,no,summer,9036.37
54,29,79.01,49.8,5.73,6.0,1,C,low,urban,no,winter,9306.33
40,2,34.89,99.03,18.41,4.0,0,C,low,urban,no,winter,8398.94
37,14,60.54,42.56,66.62,0.0,2,B,medium,suburban,no,winter,11075.66
21,21,59.91,56.73,19.26,,1,A,high,suburban,no,autumn,9909.12
61,9,70.17,37.82,13.4,3.0,0,B,medium,urban,yes,spring,8258.89
45,20,20.95,27.18,35.78,3.0,2,A,low,urban,no,autumn,8728.08
40,15,77.55,73.53,47.94,4.0,1,,low,urban,no,summer,13974.03
60,8,76.36,62.09,57.72,5.0,1,C,low,suburban,yes,winter,14090.36
58,14,74.05,64.43,55.13,1.0,1,C,medium,urban,no,autumn,11200.19
23,5,79.45,,13.72,5.0,4,A,medium,suburban,no,spring,9899.32
64,17,72.03,75.6,9.82,2.0,1,B,low,urban,no,summer,9407.24
40,30,47.9,70.71,8.34,2.0,1,A,low,rural,yes,winter,7233.69
30,12,56.29,64.69,20.83,6.0,0,C,low,urban,no,spring,8498.47
29,22,50.3,37.61,23.28,2.0,0,D,medium,urban,no,spring,8336.43
56,28,65.72,69.53,6.56,4.0,3,B,medium,urban,no,summer,10242.01
54,11,17.87,18.87,25.54,1.0,2,B,low,rural,no,spring,8097.82
42,7,,54.11,27.72,4.0,2,A,low,suburban,yes,autumn,9399.16
24,30,48.94,71.61,,3.0,2,A,high,rural,no,summer,11171.18
44,6,70.13,26.98,25.6,3.0,3,A,high,urban,no,summer,9903.29
65,22,77.05,100.0,57.43,3.0,1,C,low,urban,no,autumn,13839.08
67,6,50.59,86.14,52.09,6.0,1,A,medium,urban,no,summer,13567.56
58,13,41.62,83.99,9.28,4.0,2,A,medium,urban,no,autumn,9842.9
24,26,66.81,15.51,25.56,10.0,1,B,high,suburban,no,winter,11412.58
32,4,55.48,38.63,43.97,0.0,2,B,medium,suburban,no,summer,12157.78
34,15,76.38,81.98,46.16,4.0,1,B,low,,no,summer,12290.78
30,27,82.81,79.55,32.76,7.0,2,D,,urban,no,winter,13155.56
36,24,42.23,34.81,23.14,5.0,4,D,medium,urban,no,spring,10659.75
59,6,65.11,54.45,18.84,4.0,3,D,medium,rural,no,summer,11292.5
22,29,46.84,98.44,32.2,2.0,1,,medium,urban,yes,spring,11311.84
61,18,53.12,80.17,17.74,8.0,2,D,medium,urban,no,summer,13383.36
64,13,32.8,49.12,47.32,2.0,1,C,medium,suburban,no,summer,10480.4
24,30,76.21,19.6,103.82,1.0,2,B,medium,suburban,yes,summer,17176.68
32,17,54.6,63.31,27.81,2.0,2,B,medium,rural,no,autumn,10648.6
59,5,50.44,62.34,9.56,4.0,4,D,low,urban,yes,spring,10227.81
50,18,34.48,76.82,16.4,7.0,1,A,high,suburban,no,summer,12159.68
54,9,56.49,94.48,21.28,3.0,3,D,medium,suburban,,summer,11989.3
53,19,95.98,14.05,15.81,5.0,0,C,low,urban,no,autumn,8130.02
65,24,71.61,59.32,,9.0,3,A,low,urban,yes,winter,12757.14
59,4,53.91,46.87,13.93,2.0,0,A,low,urban,yes,summer,10366.26
18,3,43.27,31.81,21.16,2.0,2,C,medium,urban,no,autumn,8110.05
46,28,51.47,36.34,19.92,4.0,2,A,medium,rural,no,winter,8335.37
64,12,62.54,28.68,11.18,7.0,2,A,medium,rural,no,winter,8304.86
35,6,39.38,30.87,31.6,2.0,1,C,low,urban,no,autumn,8477.08
62,11,64.72,52.45,38.64,2.0,3,D,,urban,no,autumn,12616.43
67,16,88.84,5.78,18.06,6.0,2,B,medium,rural,no,autumn,7776.41
42,6,74.85,32.14,9.99,2.0,4,B,medium,urban,no,winter,7555.21
29,30,35.99,31.43,9.08,2.0,3,D,medium,rural,yes,autumn,10888.68
64,23,73.37,41.88,30.5,4.0,4,A,high,suburban,no,autumn,12704.89
45,12,95.31,83.56,15.19,2.0,2,B,low,urban,no,winter,9886.11
57,20,65.19,64.87,23.72,8.0,3,C,medium,urban,yes,autumn,12505.45
31,13,57.13,46.19,31.65,2.0,1,D,medium,urban,yes,summer,13501.17
62,28,66.15,80.86,11.03,3.0,3,B,low,urban,no,winter,10060.65
34,25,58.75,60.9,30.93,5.0,2,B,low,urban,yes,autumn,12171.05
62,25,48.78,51.94,52.82,3.0,2,C,,suburban,no,winter,11404.25
45,20,100.0,42.19,16.16,1.0,5,D,high,rural,yes,autumn,13229.85
66,4,92.22,53.65,19.25,2.0,2,D,,urban,no,winter,8981.15
36,1,77.75,45.93,27.54,2.0,1,B,high,suburban,no,spring,10838.75
51,11,77.27,60.39,13.76,3.0,1,A,medium,suburban,no,autumn,8998.26
68,0,34.94,37.97,23.57,2.0,2,C,low,suburban,no,winter,6180.17
65,23,51.26,81.41,34.15,2.0,3,A,medium,rural,yes,summer,14559.28
55,21,98.27,95.62,21.91,2.0,3,A,low,suburban,no,spring,12117.29
32,25,33.59,50.75,22.24,2.0,3,B,low,suburban,no,autumn,8974.83
59,5,31.07,,46.76,8.0,1,C,medium,urban,no,spring,11121.36
46,16,34.6,66.36,19.51,6.0,2,C,,urban,no,spring,10713.0
48,24,87.42,44.63,28.09,5.0,1,B,medium,rural,yes,autumn,11027.47
27,28,15.67,42.38,35.36,3.0,2,B,medium,rural,no,summer,10742.88
48,9,55.78,55.97,12.89,4.0,0,C,low,suburban,yes,winter,8155.2
28,25,96.69,28.24,14.89,4.0,0,C,medium,rural,no,autumn,8182.97
46,4,70.82,46.87,23.52,1.0,1,A,medium,rural,yes,spring,9877.18
67,3,55.72,62.15,13.08,4.0,1,B,low,urban,no,winter,6403.12
55,12,58.15,100.0,20.05,4.0,4,B,medium,urban,no,autumn,13326.37
52,2,38.76,38.6,,6.0,2,A,high,urban,yes,autumn,11717.44
68,22,100.0,87.49,,2.0,2,B,medium,suburban,no,spring,13582.48
45,20,,56.06,10.21,4.0,2,D,medium,suburban,no,autumn,9523.64
53,20,78.79,56.76,17.51,5.0,2,C,,suburban,no,spring,10390.98
23,14,62.37,62.06,17.02,2.0,1,C,high,urban,no,spring,11058.89
42,14,46.46,75.11,,1.0,3,A,low,urban,no,summer,9499.83
58,3,27.45,40.06,63.85,2.0,1,A,medium,suburban,no,winter,9931.8
43,29,55.78,60.29,17.32,5.0,1,B,medium,suburban,,summer,10128.51
39,0,,30.91,43.86,4.0,2,B,medium,urban,no,winter,9289.0
24,7,61.05,74.59,16.84,3.0,0,D,low,suburban,yes,spring,9426.41
49,26,99.22,27.44,19.31,2.0,2,C,low,urban,no,summer,9988.61
60,13,45.37,,17.73,1.0,4,B,low,urban,no,autumn,7034.13
36,19,75.77,37.55,10.54,4.0,1,C,medium,urban,no,summer,8731.26
42,20,66.88,61.34,8.33,7.0,0,B,low,suburban,no,winter,8130.35
23,9,49.38,23.17,13.14,3.0,1,C,low,suburban,no,winter,6919.15
68,10,66.15,,26.24,3.0,2,A,low,,no,summer,9636.15
64,28,55.53,0.0,18.06,6.0,3,B,low,urban,no,winter,5991.49
45,15,70.57,62.21,39.81,4.0,4,,medium,suburban,no,spring,14421.38
52,12,81.69,49.14,10.41,4.0,2,,medium,urban,no,summer,11737.01
29,29,100.0,68.02,33.39,3.0,2,A,low,urban,no,summer,11729.53
67,30,80.84,51.93,,0.0,0,C,,rural,no,spring,14543.76
46,7,63.88,45.07,15.13,2.0,1,B,low,urban,no,winter,7816.87
62,29,100.0,49.28,18.71,6.0,0,A,medium,urban,yes,autumn,12904.17
25,22,56.09,86.96,19.84,6.0,1,A,medium,rural,no,autumn,10800.18
27,14,90.71,58.72,26.57,10.0,2,B,low,urban,yes,winter,10369.57
29,18,,82.62,44.3,8.0,2,B,medium,urban,no,autumn,13441.29
50,4,82.15,47.86,49.42,1.0,1,D,medium,rural,no,winter,11187.22
42,17,70.77,35.56,19.27,6.0,4,B,low,rural,no,spring,8376.29
31,26,46.44,49.51,20.93,4.0,3,B,high,rural,no,spring,9452.46
52,10,39.31,48.42,26.02,2.0,1,C,high,urban,yes,summer,11863.45
40,14,29.98,57.61,42.69,4.0,3,C,high,urban,no,spring,12304.82
52,4,55.95,76.72,18.55,5.0,0,D,medium,suburban,no,spring,10108.8
28,8,63.11,7.87,18.23,2.0,0,D,medium,suburban,no,winter,8270.34
65,6,72.38,38.73,11.63,6.0,4,D,low,suburban,yes,winter,10797.84
48,24,32.12,58.42,18.01,4.0,1,D,low,rural,no,autumn,8654.33
47,29,57.13,63.2,17.38,3.0,4,C,medium,suburban,no,autumn,12036.76
41,11,62.84,61.35,70.22,7.0,1,D,medium,urban,no,summer,13355.04
20,24,43.63,37.88,,3.0,0,B,low,suburban,no,spring,5772.29
34,24,75.28,2.86,15.38,0.0,0,A,medium,suburban,yes,autumn,8440.84
32,25,41.99,64.6,11.26,5.0,1,B,low,suburban,no,winter,9087.01
32,21,58.11,,24.35,3.0,2,B,medium,urban,no,spring,7369.2
53,2,31.06,19.88,14.14,2.0,1,B,high,suburban,no,summer,7492.23
48,6,75.74,29.92,11.38,4.0,3,B,high,,no,summer,10332.21
56,12,51.24,49.07,20.45,2.0,1,A,medium,rural,no,summer,6745.82
69,8,,48.12,13.74,3.0,2,C,medium,suburban,no,winter,6179.92
50,8,,42.06,14.45,11.0,2,A,medium,suburban,yes,winter,8834.44
49,21,69.28,66.93,36.49,3.0,2,B,high,suburban,no,summer,14729.57
28,2,42.19,92.18,,2.0,0,D,low,urban,no,autumn,8362.78
48,7,,30.03,12.45,4.0,0,A,low,suburban,yes,winter,6644.09
60,8,33.09,43.61,12.35,2.0,1,B,medium,urban,no,summer,8304.99
50,10,76.36,56.25,,3.0,4,A,medium,rural,no,winter,10965.73
22,22,49.88,47.82,15.36,5.0,2,D,medium,rural,no,autumn,9372.95
36,22,50.64,69.87,47.73,4.0,0,C,low,suburban,no,summer,10480.84
26,9,74.34,59.35,15.71,2.0,2,B,medium,urban,no,autumn,10312.65
44,9,74.88,59.7,17.56,6.0,1,A,medium,suburban,no,summer,11259.16
45,15,90.33,40.84,41.54,3.0,1,B,medium,suburban,yes,autumn,13820.47
48,7,49.27,29.31,9.66,,0,C,medium,urban,yes,autumn,9651.22
30,0,60.26,43.24,18.59,4.0,2,B,low,suburban,no,autumn,7887.14
26,2,48.81,77.52,30.76,3.0,1,C,medium,rural,no,summer,10010.54
45,23,57.84,52.57,,3.0,3,C,medium,suburban,yes,autumn,12055.69
47,23,64.79,81.45,18.89,3.0,1,C,high,rural,no,winter,12049.1
55,9,48.29,76.3,10.57,1.0,0,C,medium,urban,yes,spring,8794.86
39,5,51.63,73.78,62.93,2.0,1,A,low,urban,yes,spring,12398.11
58,9,50.99,51.48,22.55,4.0,4,A,low,suburban,yes,autumn,11439.02
69,23,70.31,100.0,41.73,4.0,2,A,medium,urban,yes,winter,15203.13
69,21,75.58,63.19,57.63,3.0,2,D,medium,suburban,no,winter,11791.76
20,16,35.19,22.36,20.66,4.0,1,B,high,urban,no,summer,7550.22
36,0,33.42,80.73,5.66,7.0,3,A,medium,suburban,no,spring,9687.98
19,5,56.79,42.08,8.61,3.0,1,D,high,rural,no,summer,9239.89
30,19,62.13,78.61,15.13,4.0,4,C,medium,suburban,yes,summer,12296.33
53,18,41.83,20.29,15.29,,0,B,medium,urban,yes,autumn,8792.0
37,17,83.08,21.86,13.76,6.0,1,B,medium,urban,no,winter,9137.04
68,27,53.23,39.16,23.72,5.0,1,A,medium,suburban,yes,winter,12803.15
55,20,73.76,42.07,10.87,2.0,1,B,low,urban,yes,summer,11326.66
25,7,79.79,32.92,14.56,,7,A,high,suburban,yes,spring,15093.13
51,11,24.24,39.88,37.61,,0,D,low,suburban,yes,summer,12807.99
52,2,43.51,74.42,18.52,4.0,1,D,low,rural,no,winter,7974.0
43,23,,68.79,28.48,,3,B,,urban,no,summer,11709.94
26,27,70.35,41.88,22.33,7.0,3,B,medium,suburban,no,autumn,10384.46
32,0,32.45,58.84,19.72,2.0,0,A,medium,rural,,spring,7688.31
56,9,,46.64,37.12,3.0,0,A,low,urban,yes,summer,12035.7
32,27,42.99,74.77,64.03,4.0,2,B,medium,urban,no,winter,13028.6
46,21,42.12,,13.11,2.0,2,D,low,suburban,no,summer,8446.52
49,20,49.75,83.39,17.37,5.0,0,B,low,urban,yes,spring,11517.37
46,8,58.98,70.7,23.08,4.0,1,B,low,urban,yes,summer,10385.23
36,14,75.32,2.97,13.88,3.0,0,A,medium,suburban,yes,autumn,8005.58
24,24,66.0,42.01,10.17,2.0,0,A,medium,urban,no,winter,6687.91
43,17,66.84,41.04,36.34,4.0,3,B,medium,suburban,no,autumn,12105.28
22,13,,62.19,32.62,3.0,1,B,medium,suburban,yes,autumn,10776.36
30,12,41.04,37.54,11.61,3.0,3,D,low,urban,no,winter,7254.62
30,26,44.19,29.56,21.52,4.0,2,A,medium,urban,no,summer,9686.68
63,2,82.78,29.8,16.02,3.0,4,B,medium,urban,yes,summer,11949.22
20,8,37.04,69.1,7.26,2.0,2,C,high,suburban,no,autumn,8699.31
27,13,59.47,59.09,23.0,2.0,2,D,medium,urban,yes,summer,12136.53
34,0,53.26,47.77,24.04,2.0,2,C,low,suburban,no,spring,8406.59
35,8,75.82,55.54,10.4,0.0,3,C,low,suburban,yes,autumn,8846.7
45,11,48.47,94.56,31.96,3.0,0,C,medium,urban,no,winter,10054.38
39,17,40.98,76.12,68.39,4.0,1,B,medium,suburban,yes,spring,15685.0
41,12,88.68,60.38,,5.0,2,C,,rural,no,spring,9508.45
34,4,70.12,27.9,25.87,3.0,1,D,low,urban,yes,summer,7392.97
51,5,38.69,44.96,18.89,,1,C,low,suburban,no,summer,6651.79
27,15,87.78,,66.92,6.0,2,C,low,rural,yes,summer,14715.26
31,5,36.44,59.38,81.11,3.0,2,A,low,,no,spring,13340.24
22,26,90.53,62.63,48.11,4.0,2,B,high,suburban,no,summer,15528.05
67,4,78.44,75.27,22.98,0.0,2,C,high,urban,yes,spring,13261.19
29,6,74.21,86.34,13.35,3.0,1,A,medium,urban,no,winter,10511.85
38,29,73.31,58.03,35.73,6.0,0,A,medium,urban,no,autumn,13488.66
33,10,56.22,10.62,,4.0,4,B,,urban,no,spring,8275.97
61,20,57.82,67.51,38.94,2.0,0,,low,urban,no,spring,10680.79
40,15,61.19,76.89,22.03,,2,B,low,urban,yes,winter,10836.6
18,26,66.72,,64.09,5.0,3,D,low,urban,no,summer,13487.93
23,3,61.35,54.82,34.67,2.0,2,A,medium,suburban,no,autumn,11344.45
20,19,,88.39,17.87,6.0,0,D,low,suburban,no,spring,9910.8
31,0,71.18,61.64,7.54,2.0,0,A,low,rural,yes,summer,6284.56
27,24,46.36,40.64,23.19,1.0,1,A,medium,urban,no,autumn,9353.48
22,18,60.52,58.6,17.58,2.0,3,,low,suburban,no,summer,8079.87
63,22,80.38,56.57,52.1,3.0,0,C,medium,rural,yes,winter,12754.91
47,11,67.05,67.24,28.17,4.0,1,A,medium,suburban,no,summer,13611.3
43,5,84.52,15.65,18.37,5.0,2,D,low,suburban,no,autumn,7462.78
65,23,73.1,58.35,18.94,3.0,0,,low,urban,yes,summer,11237.95
60,30,59.61,79.82,29.39,8.0,2,C,,suburban,no,winter,13540.98
63,8,,32.29,6.13,6.0,1,B,high,urban,no,summer,11863.64
30,27,26.42,81.7,,3.0,4,C,medium,urban,no,summer,11727.06
65,14,69.88,75.03,31.85,2.0,3,B,low,urban,no,summer,10893.02
37,29,26.21,12.78,,4.0,1,C,medium,suburban,no,winter,6792.85
37,11,34.73,87.26,20.75,3.0,1,A,medium,rural,no,autumn,8747.09
64,22,39.7,57.28,6.86,3.0,0,B,high,suburban,yes,spring,11368.02
52,30,61.05,15.24,54.67,9.0,5,C,high,urban,no,summer,14633.64
53,8,100.0,64.52,24.95,0.0,3,D,medium,suburban,yes,autumn,12250.0
68,9,79.56,53.43,19.88,4.0,1,C,high,suburban,no,summer,12566.5
67,17,55.83,31.86,18.94,4.0,1,D,high,urban,yes,autumn,12795.87
61,17,63.26,65.66,17.06,4.0,5,,high,suburban,yes,summer,15316.68
29,19,,56.08,23.14,4.0,1,A,medium,urban,no,winter,8717.17
22,23,23.68,57.66,14.73,3.0,2,B,low,urban,no,winter,6713.26
52,11,65.4,19.06,17.4,4.0,1,C,low,suburban,no,winter,7161.08
31,3,77.08,58.22,65.86,3.0,3,C,low,suburban,no,winter,10887.79
52,0,53.08,63.99,32.05,4.0,1,A,high,rural,yes,winter,11284.48
35,11,76.22,51.91,17.42,4.0,4,B,medium,suburban,yes,spring,11776.04
65,7,38.61,7.58,24.31,1.0,1,A,medium,rural,yes,winter,7524.47
37,28,90.83,72.57,33.29,9.0,3,B,medium,urban,no,autumn,14425.16
48,24,80.5,10.62,27.64,2.0,2,C,low,rural,no,winter,7900.68
25,3,41.88,54.48,19.29,5.0,1,D,medium,suburban,no,spring,8926.88
64,15,81.04,18.82,8.69,6.0,1,C,low,rural,no,autumn,7859.52
66,23,75.35,83.73,38.34,4.0,4,A,high,rural,yes,summer,18298.94
60,8,53.31,51.95,42.48,1.0,0,A,low,urban,no,winter,9727.24
54,3,80.51,94.93,40.02,4.0,0,B,high,urban,no,summer,14749.83
69,28,43.09,,16.87,4.0,2,C,low,urban,yes,winter,9203.94
54,27,58.95,69.09,28.25,5.0,0,A,high,suburban,no,winter,11918.3
61,19,63.55,30.85,29.72,4.0,0,A,medium,urban,no,autumn,10206.99
59,25,68.14,77.73,21.81,4.0,2,A,high,rural,no,spring,10757.46
54,25,50.99,76.66,40.26,1.0,0,B,,urban,no,spring,10235.64
41,15,55.46,31.29,28.18,2.0,3,D,medium,rural,yes,spring,11789.17
52,16,44.75,84.45,99.79,4.0,1,D,low,urban,yes,winter,17927.91
19,1,32.77,30.65,19.46,1.0,4,D,low,rural,no,spring,6795.24
31,17,42.66,42.03,19.98,4.0,1,D,high,suburban,no,winter,8506.16
49,19,67.44,39.46,10.02,4.0,3,A,low,urban,no,spring,7862.97
35,9,57.06,50.98,5.1,4.0,3,C,medium,rural,yes,winter,7998.94
47,6,30.7,0.0,21.21,3.0,5,A,medium,suburban,no,winter,6890.95
47,24,59.1,45.11,12.87,5.0,1,B,low,suburban,yes,summer,10189.59
31,21,90.4,4.45,7.37,3.0,1,D,medium,suburban,no,spring,7227.9
52,23,42.15,42.79,26.37,3.0,0,A,high,suburban,yes,spring,11773.06
30,4,57.24,7.06,,2.0,2,C,high,rural,no,winter,12622.99
33,17,37.45,64.14,25.26,1.0,0,B,medium,suburban,no,autumn,9702.81
34,3,62.03,38.72,66.46,1.0,4,B,low,urban,no,autumn,12252.41
54,25,37.65,49.78,71.42,5.0,1,D,medium,suburban,no,autumn,13937.15
50,7,78.85,75.81,25.34,5.0,0,B,medium,suburban,no,spring,10569.14
62,23,72.69,79.29,,2.0,1,A,medium,rural,no,winter,16145.77
62,18,42.68,42.47,12.58,0.0,3,D,low,rural,no,spring,7228.96
61,0,64.44,59.0,15.32,3.0,2,B,low,urban,no,winter,10313.34
31,29,73.14,46.85,3.85,2.0,1,B,high,urban,no,autumn,11104.12
36,14,56.23,,,3.0,3,C,medium,,yes,summer,8552.09
32,17,41.12,71.56,21.78,5.0,0,C,high,urban,no,winter,11342.8
69,0,67.77,58.16,68.42,2.0,1,B,low,rural,no,winter,11594.84
55,9,88.9,60.28,6.58,3.0,1,B,medium,suburban,no,summer,9511.84
61,27,32.76,76.04,29.59,5.0,1,C,medium,rural,,autumn,11318.88
68,20,,44.97,45.76,6.0,1,B,medium,suburban,yes,spring,12863.24
48,27,65.11,62.72,39.24,2.0,2,A,medium,urban,no,winter,10514.38
40,8,100.0,53.35,20.88,1.0,1,C,medium,rural,no,summer,11343.01
66,18,55.98,67.17,11.26,7.0,1,D,medium,rural,no,summer,10543.27
38,29,60.2,55.01,20.96,1.0,4,C,low,suburban,yes,winter,9645.25
65,7,92.11,36.94,10.9,4.0,4,C,high,urban,no,winter,10116.62
31,22,35.21,43.75,22.91,9.0,4,B,medium,urban,yes,autumn,11715.07
28,0,57.54,86.55,27.61,1.0,3,B,medium,rural,yes,summer,12720.68
41,16,64.9,59.17,21.18,4.0,3,B,medium,rural,no,summer,9454.53
25,21,44.66,25.19,23.93,4.0,1,C,medium,rural,no,autumn,9097.17
45,5,100.0,64.92,16.22,4.0,3,B,medium,urban,yes,summer,13096.87
50,7,80.23,52.18,13.76,5.0,0,A,medium,suburban,yes,autumn,11073.54
45,27,25.42,43.49,24.72,5.0,4,C,low,urban,no,summer,9230.97
43,13,69.6,,39.09,2.0,3,D,medium,rural,no,winter,10272.29
22,1,50.77,66.11,23.4,3.0,0,A,medium,urban,no,winter,6763.11
18,3,75.85,63.51,3.54,3.0,2,A,medium,rural,no,autumn,7751.19
68,9,57.32,65.52,11.59,1.0,1,D,low,urban,no,summer,10382.16
52,22,65.41,42.64,20.1,,0,A,low,rural,no,spring,6608.96
41,29,83.29,31.05,11.74,1.0,1,A,low,suburban,no,autumn,8640.47
49,20,,43.34,15.1,5.0,2,B,medium,rural,no,spring,10678.46
49,25,58.11,55.85,8.46,3.0,0,B,medium,rural,yes,spring,9284.2
69,16,38.56,46.33,22.76,5.0,3,A,low,rural,no,spring,9463.53
42,23,65.77,53.65,25.76,5.0,4,C,medium,suburban,yes,winter,10387.11
29,6,47.26,81.85,13.94,1.0,0,B,medium,rural,no,summer,9083.3
41,18,41.33,38.8,14.05,1.0,1,B,medium,rural,yes,winter,8640.82
32,17,77.31,67.27,13.16,2.0,1,A,low,urban,yes,autumn,10279.6
52,24,68.91,22.31,9.04,3.0,2,A,medium,urban,yes,summer,9500.86
56,27,40.69,34.92,16.72,2.0,2,A,medium,urban,no,summer,9488.0
62,26,76.75,23.3,22.03,2.0,0,B,high,urban,no,summer,8960.09
31,19,63.76,61.83,20.78,4.0,0,B,high,urban,no,summer,11579.05
40,16,,55.1,,7.0,3,B,low,suburban,no,spring,9684.92
31,0,61.1,61.17,,2.0,1,D,low,rural,no,summer,7285.35
26,16,89.02,44.95,18.46,6.0,1,D,low,rural,no,autumn,8666.72
59,27,71.9,87.31,7.6,4.0,1,A,high,suburban,no,winter,12172.93
54,20,48.61,56.33,27.36,3.0,3,C,medium,rural,no,summer,11434.69
56,7,97.16,8.49,20.31,5.0,2,B,low,,no,autumn,8075.67
41,12,40.75,80.66,14.12,4.0,6,A,medium,suburban,no,summer,13151.98
33,3,66.31,72.09,,2.0,1,A,medium,suburban,yes,autumn,10323.21
49,28,74.75,91.96,11.91,7.0,2,C,medium,urban,no,autumn,12058.36
62,1,87.32,66.68,21.18,4.0,2,A,low,urban,no,autumn,9923.24
61,17,55.28,100.0,25.52,5.0,4,C,medium,rural,yes,autumn,13965.44
49,23,61.66,100.0,22.55,4.0,2,A,low,suburban,no,autumn,10489.89
62,3,79.13,81.05,26.7,,1,C,high,urban,no,spring,12369.41
32,17,69.52,65.61,8.68,4.0,1,B,medium,suburban,no,spring,10799.0
31,26,33.69,41.79,37.16,3.0,1,B,medium,urban,no,autumn,10574.13
62,4,60.06,100.0,21.31,3.0,2,B,low,suburban,yes,summer,12916.81
20,27,39.16,37.26,33.17,3.0,0,C,low,rural,no,winter,7104.35
52,19,45.15,53.36,18.72,4.0,2,C,medium,rural,no,spring,7685.68
50,26,74.02,71.83,105.44,6.0,0,D,low,urban,no,summer,16720.85
32,9,52.51,45.88,8.71,4.0,1,A,medium,rural,no,summer,6903.33
62,4,78.11,75.44,19.99,3.0,0,C,medium,rural,no,autumn,11373.07
40,13,53.72,16.87,,1.0,2,B,low,rural,yes,autumn,6150.21
23,1,57.62,79.31,54.33,2.0,1,B,high,urban,yes,winter,14013.5
47,4,41.8,65.74,8.95,6.0,1,B,medium,urban,no,autumn,8242.68
18,24,65.82,12.87,31.67,4.0,2,B,high,urban,no,autumn,10901.93
43,24,57.83,66.4,10.32,6.0,2,B,medium,rural,no,autumn,10542.09
58,13,74.13,38.1,26.45,4.0,0,B,medium,urban,yes,winter,10807.58
63,8,49.28,54.84,34.95,2.0,3,B,medium,urban,yes,winter,12053.95
61,22,46.91,29.37,31.43,0.0,1,C,medium,urban,yes,summer,9378.29
66,14,60.93,60.19,7.68,12.0,2,C,medium,suburban,no,summer,9847.35
61,28,55.17,87.05,22.43,2.0,3,A,low,rural,no,spring,10183.72
46,27,30.56,76.81,37.04,5.0,1,B,low,urban,yes,summer,13061.92
47,30,,47.7,11.97,5.0,2,B,medium,suburban,no,spring,11091.99
58,8,67.99,58.82,69.21,2.0,1,B,medium,suburban,no,autumn,13977.39
40,15,62.64,28.4,14.42,1.0,2,D,medium,urban,yes,winter,10205.03
20,7,81.77,36.22,31.05,7.0,1,A,low,urban,yes,winter,9670.78
48,3,61.1,,40.41,4.0,3,B,low,urban,no,spring,11273.99
27,3,63.64,38.37,13.2,2.0,5,C,low,urban,no,winter,6806.53
52,14,59.49,40.32,38.06,5.0,1,B,low,urban,yes,spring,10855.35
33,18,78.0,29.75,26.62,5.0,4,B,low,urban,no,summer,10257.47
20,5,87.85,23.25,22.75,3.0,1,B,,urban,yes,winter,10425.22
60,15,54.57,35.04,49.93,4.0,5,B,medium,rural,yes,spring,13904.96
48,21,29.79,85.59,12.46,2.0,2,B,low,suburban,no,spring,9290.48
68,10,76.35,41.0,9.34,4.0,3,A,medium,suburban,no,summer,10918.87
57,25,39.97,48.57,32.51,2.0,1,B,medium,suburban,no,spring,10983.95
56,12,64.1,50.08,15.17,3.0,2,B,medium,suburban,no,winter,9992.14
39,28,51.02,33.66,28.17,5.0,2,D,medium,urban,no,summer,10586.44
63,30,22.25,34.76,23.76,4.0,2,D,medium,urban,no,summer,9505.69
60,27,62.94,68.17,16.49,4.0,4,C,high,urban,yes,autumn,14491.19
60,27,25.88,24.29,17.85,2.0,4,C,low,suburban,no,autumn,7427.04
34,18,76.51,40.72,5.38,4.0,1,C,medium,suburban,no,autumn,8303.21
54,2,57.13,71.11,33.11,4.0,1,C,medium,suburban,no,autumn,10889.73
27,13,38.04,35.19,25.88,0.0,0,D,medium,urban,no,summer,7767.25
69,6,61.66,53.28,22.92,2.0,2,D,high,urban,no,winter,9879.99
48,26,85.33,69.75,48.21,4.0,2,C,high,urban,no,winter,12743.94
18,15,88.63,74.55,26.67,1.0,1,C,low,rural,no,summer,9302.09
18,28,62.58,34.99,27.59,3.0,3,D,low,suburban,no,autumn,8295.15
35,27,98.95,22.68,30.83,4.0,3,,high,urban,no,winter,11190.93
61,24,51.36,16.67,13.12,10.0,3,B,high,rural,no,summer,12293.2
63,26,44.26,32.62,11.66,5.0,4,A,low,urban,no,spring,8853.33
35,20,61.8,35.33,16.32,2.0,1,A,low,urban,no,spring,8636.34
40,22,75.18,59.23,,3.0,1,A,medium,,no,summer,13338.18
63,27,66.26,40.31,45.57,2.0,1,B,medium,suburban,no,spring,10276.32
20,4,62.09,67.7,31.49,4.0,3,B,medium,urban,yes,winter,11117.96
22,18,79.71,43.91,44.16,3.0,2,A,medium,urban,no,winter,11060.58
23,29,51.04,48.98,29.89,2.0,4,B,high,urban,no,spring,13884.43
44,16,100.0,,27.54,4.0,1,C,low,urban,no,winter,11139.16
27,5,98.92,55.07,26.23,3.0,0,C,low,urban,no,autumn,9155.44
18,5,53.87,,6.33,2.0,0,D,low,rural,no,spring,4803.82
65,0,42.66,79.0,23.55,3.0,3,,medium,suburban,no,autumn,10805.58
49,1,63.65,57.8,10.39,3.0,1,C,medium,rural,yes,summer,9555.76
49,26,58.17,17.22,16.52,4.0,5,C,medium,suburban,no,winter,8714.36
22,10,38.03,88.45,10.77,2.0,0,A,high,rural,no,spring,7129.46
57,3,54.27,71.96,23.54,8.0,2,C,medium,rural,no,spring,10686.99
51,30,59.24,65.85,11.56,4.0,4,B,low,suburban,no,spring,10263.19
69,7,51.29,31.98,,2.0,3,B,medium,urban,yes,autumn,10908.91
32,11,42.35,100.0,11.17,2.0,2,A,medium,urban,no,autumn,11395.45
67,13,48.09,,24.59,4.0,2,D,low,suburban,no,winter,10238.36
44,17,55.1,43.36,11.32,4.0,7,B,medium,suburban,yes,winter,12985.91
53,4,54.27,76.9,16.82,4.0,0,A,medium,suburban,no,winter,9104.35
53,4,67.34,48.22,16.87,3.0,3,B,high,suburban,yes,winter,12252.23
46,20,,,15.54,5.0,3,B,high,suburban,yes,spring,14261.93
32,21,60.21,64.76,20.91,6.0,1,B,high,suburban,yes,autumn,13424.48
39,23,65.63,76.43,29.58,3.0,5,A,medium,urban,no,winter,14678.0
52,1,71.41,27.4,,3.0,2,B,medium,urban,yes,autumn,10950.93
38,24,91.59,94.71,13.88,8.0,1,B,,urban,no,spring,12853.74
19,16,63.11,52.37,10.56,4.0,0,C,high,suburban,yes,winter,11398.84
53,16,51.55,82.49,,2.0,3,C,medium,urban,no,winter,8467.46
67,13,48.96,76.21,27.11,4.0,1,C,low,suburban,yes,autumn,9672.62
69,2,30.13,67.67,11.9,1.0,1,B,medium,suburban,no,winter,8064.34
47,17,73.65,73.8,,3.0,1,A,high,rural,no,spring,16544.75
58,20,67.55,100.0,19.11,2.0,2,B,medium,urban,no,summer,13692.12
69,0,43.08,77.17,29.66,4.0,0,B,low,rural,no,spring,8745.55
38,24,73.56,34.6,17.36,2.0,1,C,medium,suburban,yes,summer,9683.11
68,30,77.62,34.12,,1.0,2,A,medium,suburban,yes,spring,8054.66
49,25,60.9,78.63,10.1,4.0,4,B,medium,suburban,no,winter,10615.03
22,10,31.83,52.7,45.36,1.0,4,B,medium,suburban,no,summer,9377.35
54,9,64.34,35.55,22.83,8.0,2,A,low,suburban,no,spring,8908.96
48,13,66.27,64.86,9.66,10.0,0,C,high,suburban,no,autumn,10727.65
67,13,63.96,56.99,18.27,,1,B,high,rural,no,summer,11046.95
57,19,,19.41,25.45,2.0,1,C,medium,urban,no,winter,7726.46
67,0,77.2,63.58,19.7,0.0,2,D,high,urban,no,spring,12932.56
59,17,66.3,30.4,25.16,5.0,3,D,medium,rural,no,autumn,10727.21
29,5,38.39,,15.26,4.0,4,C,high,urban,no,spring,9144.02
49,20,,86.69,16.85,5.0,0,C,medium,urban,no,winter,8797.11
59,25,62.77,43.43,32.21,4.0,1,D,low,urban,no,autumn,12163.59
43,6,,36.24,27.82,3.0,3,A,medium,urban,no,summer,9026.26
69,3,37.71,42.37,21.32,1.0,4,B,high,rural,yes,autumn,11571.28
56,0,,70.79,18.78,6.0,1,D,low,rural,yes,summer,9956.16
30,27,60.46,100.0,11.91,5.0,2,B,medium,urban,no,summer,13526.17
62,3,,51.59,39.4,3.0,0,B,high,suburban,no,autumn,8765.69
40,23,80.68,34.74,35.34,4.0,2,C,low,urban,yes,summer,10961.08
64,28,66.11,50.44,5.7,3.0,2,C,medium,suburban,yes,winter,10443.53
48,8,51.43,100.0,35.58,2.0,0,C,low,rural,yes,summer,10512.52
34,12,77.19,80.4,23.71,4.0,4,C,medium,suburban,no,spring,11042.37
39,24,32.89,25.91,21.15,,0,D,medium,urban,yes,spring,9799.92
49,16,63.79,72.45,25.87,3.0,0,B,medium,urban,yes,autumn,12507.65
46,8,57.4,74.54,22.17,2.0,4,C,high,suburban,yes,autumn,12729.02
59,17,,34.54,21.73,4.0,4,C,low,suburban,no,summer,10563.07
66,17,71.51,32.83,11.82,4.0,2,D,medium,urban,no,winter,7193.19
64,24,69.08,100.0,31.98,4.0,2,A,low,rural,yes,autumn,14452.9
24,10,74.95,78.28,24.07,5.0,1,C,low,suburban,yes,autumn,12521.29
26,2,58.09,82.21,22.43,4.0,1,C,medium,rural,no,winter,8163.3
30,25,26.24,73.49,35.27,4.0,4,C,low,suburban,no,winter,8818.9
33,6,24.05,68.5,16.54,1.0,3,B,medium,urban,no,spring,8333.74
47,13,45.11,38.03,,2.0,2,C,low,suburban,yes,autumn,10070.6
61,11,21.57,15.53,33.52,2.0,5,A,medium,suburban,no,spring,9595.81
33,21,75.0,38.16,14.94,7.0,3,C,medium,rural,yes,summer,10754.87
54,30,77.7,66.87,,5.0,4,D,medium,suburban,no,spring,13465.18
65,19,69.74,37.72,,3.0,0,C,high,rural,yes,winter,10102.37
64,25,79.18,64.03,17.78,3.0,2,B,low,rural,no,autumn,10821.07
35,24,50.27,80.49,23.71,6.0,2,B,medium,suburban,no,winter,11574.23
58,4,30.03,83.85,17.06,3.0,0,C,low,rural,yes,spring,9372.1
65,16,32.98,57.68,74.77,4.0,1,B,low,urban,,summer,13196.2
31,6,48.47,95.72,12.1,5.0,3,C,medium,rural,yes,winter,11758.57
23,14,51.5,86.74,26.06,5.0,3,C,medium,suburban,no,winter,10126.78
59,16,63.97,56.07,32.43,7.0,1,D,medium,urban,no,spring,11856.27
29,14,52.32,84.82,27.97,6.0,3,B,low,suburban,no,spring,10673.81
42,12,41.8,48.46,39.93,4.0,2,A,,suburban,yes,winter,11126.43
28,26,26.01,55.51,,4.0,3,A,high,rural,no,autumn,9127.05
62,27,84.96,73.57,14.73,5.0,3,A,medium,urban,no,winter,12677.62
28,23,81.03,37.0,17.66,,1,,medium,urban,no,autumn,10248.86
35,5,43.87,33.0,34.29,3.0,2,C,low,rural,no,winter,8162.29
56,9,60.53,35.29,24.71,2.0,2,B,high,rural,yes,autumn,11258.17
49,21,49.74,54.44,20.7,1.0,0,B,low,suburban,,summer,10342.24
20,25,15.78,44.39,31.46,4.0,4,B,medium,rural,no,winter,10613.85
42,25,51.58,24.3,,2.0,2,D,medium,urban,no,spring,10640.44
64,11,53.87,100.0,25.83,0.0,1,C,high,suburban,no,summer,12220.76
44,28,83.73,48.35,19.4,5.0,1,A,low,suburban,no,winter,8638.5
36,27,95.65,13.66,18.41,1.0,2,C,medium,urban,no,spring,9746.31
61,3,54.93,36.59,,5.0,1,A,high,suburban,no,autumn,11180.61
38,15,55.79,51.77,34.3,2.0,2,C,medium,,no,spring,10728.41
45,11,77.31,0.0,25.06,5.0,0,A,low,urban,no,autumn,6367.85
36,22,25.6,76.0,29.89,5.0,4,C,medium,suburban,no,autumn,9265.69
42,25,18.31,67.9,55.95,3.0,6,C,high,suburban,yes,winter,14812.18
44,3,28.83,59.43,10.83,5.0,1,C,medium,suburban,no,winter,6331.6
58,3,81.11,93.53,76.61,0.0,0,A,low,,no,spring,14892.08
67,27,87.58,58.97,54.73,4.0,2,B,medium,suburban,no,autumn,15913.01
35,23,68.14,26.04,20.46,6.0,1,B,high,urban,no,autumn,10134.25
47,15,55.99,,87.36,1.0,1,B,low,rural,no,winter,13240.38
68,5,44.79,74.87,13.27,2.0,0,C,medium,urban,,summer,11742.05
35,17,47.55,53.24,45.1,2.0,2,D,medium,urban,yes,spring,10016.38
60,14,56.4,79.76,11.63,3.0,3,A,low,urban,no,winter,9640.66
25,12,69.33,100.0,25.06,3.0,2,B,low,suburban,no,spring,11522.17
47,22,,63.73,29.91,5.0,1,B,,urban,no,spring,12378.09
61,30,23.93,77.45,19.32,4.0,1,B,high,suburban,yes,winter,12690.55
28,4,,100.0,32.67,6.0,0,A,medium,rural,yes,spring,13958.72
46,14,81.12,45.86,16.13,3.0,0,C,medium,urban,yes,autumn,9937.04
54,2,65.7,65.41,23.53,7.0,2,B,medium,suburban,yes,summer,11970.16
59,4,38.31,56.89,19.59,6.0,0,A,,rural,no,summer,8663.06
58,24,50.4,59.19,31.47,3.0,2,C,medium,urban,no,summer,11246.75
43,21,69.8,43.85,14.14,3.0,0,C,medium,suburban,no,winter,7598.23
65,14,54.44,75.69,20.33,2.0,1,A,medium,rural,yes,autumn,10255.77
37,20,,42.31,36.47,5.0,2,C,medium,suburban,no,spring,8658.11
53,19,65.92,95.83,17.88,2.0,0,A,low,suburban,no,spring,7383.94
20,18,37.09,38.39,60.57,3.0,0,D,medium,suburban,no,autumn,9680.37
60,25,65.92,84.56,14.6,5.0,0,B,medium,rural,yes,autumn,11549.3
40,14,74.02,46.58,26.56,2.0,1,B,low,urban,no,spring,9355.37
69,8,37.16,81.29,18.82,5.0,2,B,medium,urban,yes,summer,12523.26
31,18,70.11,62.11,18.17,5.0,1,A,high,rural,no,autumn,11074.5
34,3,,50.8,29.56,3.0,3,B,high,suburban,no,spring,10098.11
41,7,56.74,20.89,41.7,2.0,2,B,medium,urban,no,winter,9069.87
61,3,82.57,20.71,24.34,3.0,3,A,medium,suburban,no,winter,8195.6
64,24,42.23,100.0,35.84,2.0,3,A,medium,suburban,no,winter,11102.07
66,22,80.66,77.27,28.71,3.0,0,,low,rural,no,winter,9372.05
46,13,60.94,7.76,13.73,3.0,0,B,medium,urban,no,summer,8857.46
47,22,61.62,70.18,25.91,2.0,2,A,high,urban,yes,winter,12281.51
64,9,63.67,70.92,25.33,7.0,5,C,low,suburban,yes,autumn,11961.25
62,3,57.31,38.36,14.37,6.0,0,B,low,urban,yes,spring,9291.7
40,11,75.9,28.75,18.56,3.0,2,C,medium,urban,no,spring,7820.47
35,12,71.74,34.08,25.75,6.0,2,A,medium,urban,yes,summer,11175.43
46,2,72.62,47.54,38.44,5.0,1,A,medium,urban,no,winter,9422.75
52,2,60.12,30.75,16.68,2.0,1,D,low,suburban,no,spring,7244.88
52,19,89.49,56.97,16.68,5.0,3,D,low,suburban,yes,spring,12363.2
33,3,55.63,57.31,13.46,2.0,1,C,medium,rural,yes,spring,8705.36
31,2,,46.55,33.64,7.0,3,B,medium,urban,yes,spring,11170.9
24,11,82.32,45.23,32.97,1.0,1,B,low,urban,no,autumn,8532.31
29,15,77.36,44.06,19.21,5.0,2,C,low,rural,no,autumn,7770.04
21,22,49.66,41.96,25.01,4.0,1,D,medium,urban,no,autumn,10686.49
25,16,,75.8,5.4,2.0,1,D,medium,urban,no,spring,7782.18
27,7,82.57,35.02,30.81,2.0,3,B,low,suburban,no,summer,8394.28
60,14,64.8,60.86,29.79,2.0,1,C,medium,urban,no,summer,11138.94
45,10,56.02,57.26,22.34,3.0,3,B,high,suburban,no,summer,12269.73
27,28,81.88,35.38,28.57,3.0,2,,medium,urban,no,spring,10154.67
56,17,76.98,61.28,32.26,,2,D,medium,suburban,no,winter,11359.36
18,4,67.09,45.16,21.64,5.0,0,A,medium,rural,yes,summer,10669.23
23,9,57.99,31.23,43.15,2.0,4,A,medium,urban,yes,autumn,10445.04
68,7,86.29,,68.49,8.0,6,C,medium,suburban,no,spring,17290.02
33,4,39.51,42.47,31.05,4.0,1,C,low,rural,no,autumn,6546.66
45,8,,69.59,14.62,3.0,2,A,low,rural,no,autumn,10490.24
29,8,69.68,47.79,46.21,2.0,0,D,medium,suburban,no,autumn,10706.59
62,0,51.27,24.1,56.58,3.0,1,C,low,urban,no,winter,8830.08
55,11,49.72,68.45,17.27,5.0,0,A,high,urban,no,spring,10116.32
53,15,41.02,59.38,24.15,,1,,low,rural,no,spring,9809.32
56,3,68.87,61.47,,2.0,3,C,medium,urban,no,spring,12573.31
61,23,60.04,38.64,9.58,4.0,5,A,medium,urban,yes,autumn,10415.6
43,15,43.09,70.05,44.09,4.0,1,D,medium,suburban,no,summer,12896.33
28,3,66.49,46.46,,,4,C,medium,urban,no,summer,9713.43
50,23,28.68,28.37,14.84,2.0,2,B,high,urban,yes,summer,11827.71
41,19,64.78,,42.44,4.0,2,C,low,urban,no,summer,12241.3
65,28,70.24,44.18,15.58,2.0,1,C,medium,suburban,no,autumn,9374.94
56,28,59.95,58.29,10.64,7.0,2,B,high,urban,yes,summer,14447.56
53,28,,35.67,10.16,3.0,2,A,medium,urban,yes,spring,8763.43
37,25,68.29,34.09,9.43,3.0,2,A,medium,suburban,no,summer,9841.91
27,30,74.75,47.57,49.55,0.0,4,A,high,suburban,no,winter,11600.61
44,9,55.9,79.46,29.07,3.0,0,A,high,suburban,no,summer,11963.72
24,16,52.13,65.84,38.05,3.0,0,B,low,urban,no,winter,9471.02
34,11,49.21,65.04,15.83,6.0,2,D,medium,urban,no,summer,10699.59
21,12,63.9,34.8,44.06,3.0,2,C,medium,rural,no,autumn,10119.79
44,18,63.98,62.94,9.71,2.0,2,A,medium,rural,no,spring,8073.24
49,13,71.37,58.17,9.8,3.0,1,A,medium,suburban,yes,summer,11255.39
26,11,55.97,58.52,20.81,6.0,2,A,medium,suburban,yes,autumn,11532.13
31,27,47.44,66.23,,4.0,4,B,low,,no,spring,11298.22
54,4,74.56,14.6,23.21,2.0,0,,medium,urban,yes,winter,8976.99
23,9,61.38,39.54,28.72,3.0,2,B,medium,suburban,no,summer,10120.18
44,22,38.31,63.41,27.49,1.0,1,A,high,suburban,no,autumn,9664.63
68,21,43.78,90.62,60.95,6.0,0,A,,suburban,yes,summer,16418.77
66,6,69.92,68.44,22.52,0.0,2,D,high,rural,no,spring,11996.15
52,22,48.43,69.35,42.85,3.0,3,B,high,rural,no,spring,13264.65
18,2,65.23,100.0,34.62,2.0,1,A,high,suburban,no,summer,10860.92
30,22,40.02,70.71,,6.0,0,C,medium,rural,no,winter,8600.1
35,4,64.91,50.77,43.49,4.0,0,B,medium,urban,no,summer,11816.72
27,5,52.29,64.73,11.61,8.0,3,C,medium,rural,no,autumn,9493.33
18,25,67.17,34.3,11.66,3.0,2,A,low,suburban,no,summer,7367.06
22,6,69.38,13.16,101.13,0.0,2,A,medium,rural,yes,winter,12412.93
21,1,85.08,61.57,32.1,1.0,2,B,medium,rural,no,spring,10499.48
62,15,70.13,48.12,36.85,2.0,2,B,medium,rural,no,winter,10368.32
67,7,49.15,98.19,24.34,7.0,4,D,low,urban,no,summer,14444.87
69,9,78.65,87.35,16.74,3.0,2,B,medium,urban,yes,summer,14677.06
63,6,45.46,52.33,35.06,5.0,3,B,high,suburban,no,winter,12432.8
33,27,58.48,88.78,16.09,5.0,6,C,medium,rural,no,spring,13260.42
18,22,64.44,53.7,18.02,3.0,6,C,medium,suburban,yes,winter,11290.79
53,7,71.8,0.0,45.53,2.0,2,C,low,urban,no,spring,6839.1
22,0,75.35,85.77,,2.0,1,C,medium,rural,no,spring,11451.52
65,15,45.15,80.18,103.0,6.0,5,C,medium,suburban,yes,winter,18735.76
36,7,67.17,49.17,26.75,2.0,4,D,high,urban,yes,winter,12604.67
40,1,72.53,0.0,31.02,2.0,4,A,high,suburban,yes,spring,12392.51
28,17,59.52,51.53,22.9,3.0,1,A,low,urban,no,spring,10383.76
43,26,67.69,25.96,31.04,2.0,1,,,rural,no,spring,9434.36
66,6,45.59,,43.45,1.0,0,C,medium,urban,no,winter,10149.05
38,21,30.87,60.78,33.48,3.0,1,D,medium,urban,yes,spring,11716.42
43,6,51.13,60.26,7.87,4.0,2,C,medium,urban,no,spring,10291.99
68,4,44.0,25.98,30.07,0.0,1,B,medium,urban,no,autumn,8302.47
27,11,33.62,100.0,18.99,1.0,1,A,medium,urban,no,spring,9380.99
23,13,58.42,54.73,28.26,4.0,2,A,medium,suburban,no,autumn,9527.63
48,30,86.34,,18.31,,1,D,medium,rural,no,spring,10793.02
30,1,62.78,61.81,15.34,4.0,2,C,medium,suburban,yes,autumn,9969.79
60,7,67.58,53.46,65.59,6.0,1,A,medium,rural,no,autumn,12550.48
67,28,67.34,28.25,6.38,5.0,6,B,medium,urban,yes,winter,11247.13
61,28,71.07,61.12,13.06,4.0,2,B,,suburban,no,winter,9935.43
59,18,64.1,34.53,10.8,3.0,2,C,low,urban,no,autumn,7172.46
45,0,64.35,65.74,15.76,4.0,3,D,low,suburban,no,winter,9349.62
65,10,36.13,35.9,53.31,3.0,1,C,low,rural,no,summer,9803.46
61,10,38.94,58.22,10.57,2.0,0,A,medium,suburban,no,spring,5449.73
29,22,61.19,61.34,11.19,7.0,3,A,medium,suburban,yes,autumn,13078.06
63,24,63.1,89.28,15.47,3.0,2,C,medium,rural,no,winter,10358.94
55,18,44.18,95.86,12.05,3.0,0,D,medium,urban,no,summer,9935.21
50,24,83.21,71.4,56.78,6.0,2,B,low,urban,no,spring,15767.22
53,1,50.96,25.73,26.71,5.0,1,A,high,urban,no,winter,10093.99
35,8,27.72,71.47,7.31,6.0,3,A,high,suburban,no,spring,9789.58
42,7,46.56,84.16,21.65,5.0,0,D,medium,suburban,no,winter,9586.83
32,13,37.9,25.52,14.98,5.0,0,B,low,suburban,no,summer,6170.54
49,15,68.01,57.07,10.1,2.0,1,B,medium,urban,yes,winter,9584.42
25,7,84.93,35.23,30.99,2.0,2,C,low,rural,no,summer,8970.73
58,2,51.02,46.01,27.9,3.0,1,A,medium,urban,no,winter,9292.31
49,1,74.45,37.31,33.9,2.0,0,A,medium,suburban,no,spring,8961.69
28,0,84.78,66.71,10.35,3.0,3,D,low,,no,summer,8556.25
64,10,46.95,,35.26,5.0,2,C,low,rural,no,spring,11060.63
48,30,70.78,38.65,45.9,4.0,1,D,high,,no,summer,14614.14
67,16,81.77,49.61,31.61,3.0,2,A,high,rural,no,winter,9762.97
37,22,73.32,52.94,29.89,5.0,2,A,medium,suburban,no,winter,12352.08
32,22,43.96,50.98,26.09,5.0,2,C,high,suburban,no,winter,10070.12
25,7,54.12,78.52,25.69,7.0,1,A,medium,urban,yes,summer,13831.84
54,27,59.51,88.02,12.9,4.0,2,A,medium,rural,no,spring,9661.98
67,8,73.16,41.88,12.83,2.0,1,D,low,rural,no,summer,8228.37
36,30,22.3,39.8,8.0,4.0,3,D,low,urban,yes,winter,6454.43
36,2,47.1,26.49,18.89,4.0,0,B,medium,rural,no,spring,7575.96
38,19,44.29,83.93,30.35,0.0,2,C,low,rural,no,autumn,8801.02
64,26,81.17,76.42,15.48,6.0,2,A,medium,urban,no,spring,11946.21
64,7,44.06,49.74,16.27,2.0,0,A,low,suburban,no,spring,7644.2
26,22,38.38,42.52,28.46,7.0,2,A,high,suburban,no,spring,10884.48
23,24,58.6,68.74,58.31,3.0,4,A,medium,urban,no,autumn,12451.0
32,21,70.24,,8.93,2.0,1,D,high,urban,no,autumn,10856.56
44,19,50.52,,6.16,4.0,1,D,low,urban,no,summer,7140.08
41,4,64.99,52.0,15.55,0.0,3,B,,suburban,no,spring,9750.6
61,0,,72.67,19.66,6.0,2,A,medium,urban,yes,autumn,11222.49
51,13,82.32,80.11,12.4,3.0,2,C,,urban,yes,winter,11759.47
29,3,61.11,26.29,12.73,1.0,0,D,high,rural,no,autumn,7134.28
31,7,70.08,36.47,47.21,2.0,2,A,medium,suburban,no,summer,10678.19
36,22,42.62,75.42,38.67,3.0,2,C,medium,urban,no,autumn,11742.67
41,16,35.14,56.46,,5.0,0,D,medium,urban,yes,winter,14695.87
67,24,88.76,49.15,20.41,8.0,2,C,medium,urban,yes,winter,11064.58
55,25,35.72,72.02,17.85,,1,D,medium,suburban,no,spring,8439.22
27,30,59.89,37.75,20.01,1.0,6,A,medium,suburban,no,summer,10097.53
69,6,,95.82,23.99,1.0,3,D,medium,suburban,no,summer,11705.88
39,26,62.58,93.6,,4.0,3,B,high,suburban,no,summer,15937.13
50,16,21.64,42.33,15.8,3.0,3,C,medium,rural,no,summer,8638.17
59,4,61.01,85.91,36.15,4.0,1,B,medium,urban,no,autumn,11283.5
21,3,58.78,54.61,47.63,10.0,1,C,medium,urban,yes,spring,12151.91
30,5,70.26,39.88,,1.0,2,D,low,rural,no,winter,5565.13
31,7,55.34,62.09,17.83,5.0,2,D,high,urban,no,autumn,12283.23
36,22,,,10.37,5.0,2,C,low,rural,no,winter,5381.99
51,21,74.4,86.85,5.86,4.0,1,A,medium,urban,no,winter,7850.49
56,8,49.33,48.26,21.98,3.0,0,B,high,urban,yes,autumn,12357.98
57,5,65.55,11.74,13.74,3.0,0,A,low,urban,no,winter,4860.53
29,4,87.57,59.03,16.36,6.0,2,A,low,rural,no,winter,9497.47
26,27,67.86,12.72,14.03,4.0,0,A,low,urban,no,winter,7155.03
51,20,77.66,61.44,12.32,1.0,2,B,medium,rural,no,winter,9357.99
68,21,78.19,82.8,63.56,3.0,1,B,low,rural,yes,winter,17210.59
19,1,55.92,42.47,25.82,3.0,1,B,medium,urban,no,summer,9826.58
32,28,40.57,55.05,9.29,4.0,1,B,low,rural,no,summer,8758.62
21,22,43.39,49.5,20.63,2.0,5,B,medium,suburban,no,winter,9345.84
61,30,53.46,86.19,12.7,1.0,2,B,medium,urban,no,spring,11311.22
20,0,65.38,83.87,40.64,4.0,1,D,low,suburban,no,autumn,10009.5
65,29,25.37,5.31,15.05,5.0,5,A,high,urban,no,summer,9920.13
60,4,79.72,54.33,21.42,3.0,2,A,medium,rural,no,winter,9031.88
29,24,60.59,51.87,8.3,3.0,0,C,medium,suburban,yes,autumn,10136.23
18,4,100.0,66.86,21.81,5.0,3,B,medium,urban,yes,autumn,13287.63
64,19,58.81,74.76,14.15,1.0,4,D,medium,suburban,yes,winter,12362.67
22,8,48.41,79.57,30.04,1.0,1,B,low,rural,no,winter,8808.39
69,14,36.39,49.49,45.22,5.0,0,C,medium,suburban,no,summer,11373.47
58,2,92.41,45.77,13.16,7.0,2,B,high,rural,no,spring,10498.97
28,22,65.75,43.12,24.47,9.0,2,B,medium,urban,no,winter,9837.19
50,18,70.92,52.5,37.85,5.0,2,,high,suburban,yes,spring,13964.67
55,25,63.83,53.79,,0.0,1,B,high,urban,no,autumn,10112.45
60,12,54.14,48.78,32.85,7.0,1,A,low,urban,no,summer,10579.72
47,20,60.0,57.28,10.42,2.0,2,B,high,urban,yes,summer,13838.39
62,23,26.45,30.8,71.37,2.0,6,C,low,rural,no,summer,11402.68
61,27,81.59,78.57,22.02,4.0,2,D,high,rural,no,summer,13505.8
53,29,51.48,62.16,14.46,4.0,1,A,high,urban,yes,autumn,12320.11
37,25,37.22,56.18,27.43,4.0,1,B,high,urban,no,winter,9695.15
26,0,77.23,26.97,51.09,3.0,1,,high,suburban,no,autumn,11189.12
46,5,100.0,61.18,12.33,4.0,2,A,low,urban,no,summer,10301.94
65,18,33.2,42.07,36.23,,3,A,medium,urban,yes,winter,12693.98
30,5,32.79,36.1,37.06,,1,A,medium,rural,yes,spring,9890.97
46,20,50.93,68.77,12.94,6.0,4,A,high,urban,yes,summer,11909.57
48,16,,70.86,48.15,2.0,3,C,high,suburban,no,spring,13142.53
19,26,,48.53,30.91,3.0,3,C,medium,urban,no,spring,10925.39
55,21,62.5,75.76,4.94,5.0,1,A,low,rural,,winter,6304.07
23,3,52.29,70.18,22.82,3.0,1,B,medium,urban,no,summer,11066.03
